{
  "type": "FeatureCollection",
  "name": "road_polygon_latlon_z",
  "crs": {
    "type": "name",
    "properties": {
      "name": "urn:ogc:def:crs:OGC:1.3:CRS84"
    }
  },
  "features": [
    {
      "type": "Feature",
      "properties": {
        "fid": 1,
        "road_id": "R001",
        "name": null,
        "road_type": null
      },
      "geometry": {
        "type": "Polygon",
        "coordinates": [
          [
            [
              74.61118856659235,
              42.862775390220314,
              740.343
            ],
            [
              74.61118901512597,
              42.86270391224193,
              740.343
            ],
            [
              74.611538836686,
              42.862700334359964,
              746.217
            ],
            [
              74.61173970273732,
              42.86269148508702,
              746.217
            ],
            [
              74.61207665846413,
              42.86267356603144,
              745.339
            ],
            [
              74.61230346465655,
              42.862660038354676,
              743.715
            ],
            [
              74.61256910666907,
              42.86265140694902,
              744.031
            ],
            [
              74.61274406195423,
              42.86264246823328,
              743.612
            ],
            [
              74.61299039003879,
              42.86261470932187,
              743.496
            ],
            [
              74.61317188227825,
              42.8625962614473,
              743.496
            ],
            [
              74.61334680759126,
              42.862592087009325,
              743.083
            ],
            [
              74.61344397179545,
              42.86259241509491,
              743.083
            ],
            [
              74.61344190924648,
              42.86266344088884,
              743.43
            ],
            [
              74.61305477933354,
              42.86267687585245,
              743.352
            ],
            [
              74.61264648061884,
              42.86270885234553,
              743.612
            ],
            [
              74.61217991266514,
              42.862735864725636,
              743.714
            ],
            [
              74.6116485680172,
              42.862762655508384,
              746.217
            ],
            [
              74.61118856659235,
              42.862775390220314,
              740.343
            ],
            [
              74.61118856659235,
              42.862775390220314,
              740.343
            ]
          ]
        ]
      }
    },
    {
      "type": "Feature",
      "properties": {
        "fid": 2,
        "road_id": "R002",
        "name": null,
        "road_type": null
      },
      "geometry": {
        "type": "Polygon",
        "coordinates": [
          [
            [
              74.61349230208886,
              42.86266539800187,
              742.824
            ],
            [
              74.6134927182383,
              42.86259868520262,
              742.834
            ],
            [
              74.61391367410934,
              42.86261440137554,
              742.75
            ],
            [
              74.61439286945858,
              42.86263984276083,
              743.429
            ],
            [
              74.61469719904667,
              42.86265992850859,
              744.361
            ],
            [
              74.61532470002821,
              42.862795466888365,
              743.284
            ],
            [
              74.61579703563673,
              42.8628828282523,
              744.494
            ],
            [
              74.61576423370029,
              42.86294943237841,
              741.5
            ],
            [
              74.61513664138684,
              42.86282819200347,
              743.638
            ],
            [
              74.61473553144735,
              42.862745832905034,
              744.361
            ],
            [
              74.61449606665195,
              42.86271166977637,
              743.428
            ],
            [
              74.61438594699506,
              42.86271129895087,
              743.428
            ],
            [
              74.61349230208886,
              42.86266539800187,
              742.824
            ]
          ]
        ]
      }
    },
    {
      "type": "Feature",
      "properties": {
        "fid": 3,
        "road_id": "R003",
        "name": null,
        "road_type": null
      },
      "geometry": {
        "type": "Polygon",
        "coordinates": [
          [
            [
              74.61583545833597,
              42.86295443668071,
              741.5
            ],
            [
              74.61585527536238,
              42.86289255426912,
              744.494
            ],
            [
              74.61624355051039,
              42.86295580522524,
              741.671
            ],
            [
              74.61619776417506,
              42.863027131253986,
              741.671
            ],
            [
              74.61619776417506,
              42.863027131253986,
              741.671
            ],
            [
              74.61583545833597,
              42.86295443668071,
              741.5
            ]
          ]
        ]
      }
    },
    {
      "type": "Feature",
      "properties": {
        "fid": 4,
        "road_id": "E001",
        "name": null,
        "road_type": null
      },
      "geometry": {
        "type": "Polygon",
        "coordinates": [
          [
            [
              74.61619776417506,
              42.863027131253986,
              741.671
            ],
            [
              74.61624355051039,
              42.86295580522524,
              741.671
            ],
            [
              74.6171040478619,
              42.86312547165515,
              741.395
            ],
            [
              74.61707778377617,
              42.863182567419344,
              740.335
            ],
            [
              74.61619776417506,
              42.863027131253986,
              741.671
            ]
          ]
        ]
      }
    },
    {
      "type": "Feature",
      "properties": {
        "fid": 5,
        "road_id": "R004",
        "name": null,
        "road_type": null
      },
      "geometry": {
        "type": "Polygon",
        "coordinates": [
          [
            [
              74.61716190526242,
              42.863197144628636,
              742.069
            ],
            [
              74.61719470583236,
              42.86313054009964,
              741.395
            ],
            [
              74.61794514628082,
              42.86329030158516,
              743.195
            ],
            [
              74.61850149413996,
              42.86341128919521,
              740.843
            ],
            [
              74.61913543032468,
              42.86355635872177,
              742.353
            ],
            [
              74.61960112394618,
              42.86367227408993,
              742.331
            ],
            [
              74.61985343386417,
              42.86372553038684,
              742.33
            ],
            [
              74.61980768033949,
              42.86379209266098,
              741.253
            ],
            [
              74.61867562961989,
              42.863535767080485,
              741.85
            ],
            [
              74.61787353902601,
              42.86334724621707,
              743.985
            ],
            [
              74.61716190526242,
              42.863197144628636,
              742.069
            ]
          ]
        ]
      }
    },
    {
      "type": "Feature",
      "properties": {
        "fid": 6,
        "road_id": "R005",
        "name": null,
        "road_type": null
      },
      "geometry": {
        "type": "Polygon",
        "coordinates": [
          [
            [
              74.61989174484084,
              42.86381619827374,
              740.62
            ],
            [
              74.61991818200248,
              42.86373051064578,
              743.226
            ],
            [
              74.62059084543874,
              42.86389952716129,
              740.828
            ],
            [
              74.62119237359434,
              42.86404924319357,
              740.97
            ],
            [
              74.6218716381327,
              42.864199212820836,
              742.655
            ],
            [
              74.62237615049192,
              42.86432477568828,
              741.143
            ],
            [
              74.623029451704,
              42.86448418340586,
              740.731
            ],
            [
              74.62310940817653,
              42.86451839938932,
              740.73
            ],
            [
              74.62319346047272,
              42.86454488518535,
              740.73
            ],
            [
              74.62326380902954,
              42.8645611995686,
              741.056
            ],
            [
              74.62324243734398,
              42.86461354753437,
              740.942
            ],
            [
              74.61989174484084,
              42.86381619827374,
              740.62
            ]
          ]
        ]
      }
    },
    {
      "type": "Feature",
      "properties": {
        "fid": 7,
        "road_id": "R006",
        "name": null,
        "road_type": null
      },
      "geometry": {
        "type": "Polygon",
        "coordinates": [
          [
            [
              74.62329053473455,
              42.86462710819807,
              740.942
            ],
            [
              74.62331688064108,
              42.86455571539216,
              741.056
            ],
            [
              74.62402831383363,
              42.86474390043796,
              743.361
            ],
            [
              74.62420943341434,
              42.864787382738,
              743.36
            ],
            [
              74.62418314624455,
              42.86484924534192,
              743.36
            ],
            [
              74.62329053473455,
              42.86462710819807,
              740.942
            ]
          ]
        ]
      }
    },
    {
      "type": "Feature",
      "properties": {
        "fid": 8,
        "road_id": "R007",
        "name": null,
        "road_type": null
      },
      "geometry": {
        "type": "Polygon",
        "coordinates": [
          [
            [
              74.6242547205744,
              42.86479706196731,
              743.36
            ],
            [
              74.62489516247928,
              42.86494212093236,
              741.627
            ],
            [
              74.6248558913241,
              42.865008706449515,
              741.642
            ],
            [
              74.62422843344557,
              42.86485892458169,
              743.36
            ],
            [
              74.6242547205744,
              42.86479706196731,
              743.36
            ]
          ]
        ]
      }
    },
    {
      "type": "Feature",
      "properties": {
        "fid": 9,
        "road_id": "R008",
        "name": null,
        "road_type": null
      },
      "geometry": {
        "type": "Polygon",
        "coordinates": [
          [
            [
              74.62492743642755,
              42.86496128785867,
              741.627
            ],
            [
              74.62568428204222,
              42.86514008076672,
              740.744
            ],
            [
              74.62565788102268,
              42.86522100452857,
              740.743
            ],
            [
              74.62490765662442,
              42.865018406645966,
              741.627
            ],
            [
              74.62492743642755,
              42.86496128785867,
              741.627
            ]
          ]
        ]
      }
    },
    {
      "type": "Feature",
      "properties": {
        "fid": 10,
        "road_id": "R009",
        "name": null,
        "road_type": null
      },
      "geometry": {
        "type": "Polygon",
        "coordinates": [
          [
            [
              74.61646987486417,
              42.867663784700355,
              731.868
            ],
            [
              74.61644235213993,
              42.86687741856915,
              737.627
            ],
            [
              74.61641185012355,
              42.866572337373604,
              732.615
            ],
            [
              74.61650902060494,
              42.86657266288227,
              732.615
            ],
            [
              74.61656704705813,
              42.86766411016637,
              731.262
            ],
            [
              74.61646987486417,
              42.867663784700355,
              731.868
            ]
          ]
        ]
      }
    },
    {
      "type": "Feature",
      "properties": {
        "fid": 11,
        "road_id": "R010",
        "name": null,
        "road_type": null
      },
      "geometry": {
        "type": "Polygon",
        "coordinates": [
          [
            [
              74.61640997038528,
              42.866483577416005,
              734.035
            ],
            [
              74.61642451961293,
              42.86622630010425,
              737.451
            ],
            [
              74.6165216895517,
              42.866226625600056,
              737.451
            ],
            [
              74.61652009677316,
              42.866483946320784,
              734.035
            ],
            [
              74.61640997038528,
              42.866483577416005,
              734.035
            ]
          ]
        ]
      }
    },
    {
      "type": "Feature",
      "properties": {
        "fid": 12,
        "road_id": "R011",
        "name": null,
        "road_type": null
      },
      "geometry": {
        "type": "Polygon",
        "coordinates": [
          [
            [
              74.61643205970064,
              42.86605477465471,
              737.452
            ],
            [
              74.6164429333855,
              42.86534478170029,
              736.036
            ],
            [
              74.61652717562869,
              42.86534029858387,
              736.036
            ],
            [
              74.61652925886543,
              42.86605033494428,
              734.783
            ],
            [
              74.61643205970064,
              42.86605477465471,
              737.452
            ]
          ]
        ]
      }
    },
    {
      "type": "Feature",
      "properties": {
        "fid": 13,
        "road_id": "R012",
        "name": null,
        "road_type": null
      },
      "geometry": {
        "type": "Polygon",
        "coordinates": [
          [
            [
              74.61643689800127,
              42.86527328200863,
              736.036
            ],
            [
              74.61641833249979,
              42.86408666043194,
              737.134
            ],
            [
              74.61640323603845,
              42.8633861108284,
              736.969
            ],
            [
              74.61640645170152,
              42.862866703901446,
              738.472
            ],
            [
              74.616395473037,
              42.86254739199532,
              737.341
            ],
            [
              74.61636566494631,
              42.86108434468677,
              746.013
            ],
            [
              74.61635233972468,
              42.86009788250085,
              749.816
            ],
            [
              74.61643006798658,
              42.86009814292337,
              749.816
            ],
            [
              74.61646759358982,
              42.86136107366123,
              746.233
            ],
            [
              74.61647053170307,
              42.86193291965171,
              741.125
            ],
            [
              74.616503173966,
              42.86293850741332,
              738.471
            ],
            [
              74.61650502109067,
              42.86368666567725,
              737.168
            ],
            [
              74.61653972911719,
              42.8643586891214,
              736.013
            ],
            [
              74.61654054434183,
              42.86527362918386,
              735.661
            ],
            [
              74.61643689800127,
              42.86527328200863,
              736.036
            ]
          ]
        ]
      }
    },
    {
      "type": "Feature",
      "properties": {
        "fid": 14,
        "road_id": "R013",
        "name": null,
        "road_type": null
      },
      "geometry": {
        "type": "Polygon",
        "coordinates": [
          [
            [
              74.61632036601712,
              42.860031061124424,
              749.816
            ],
            [
              74.61632234282268,
              42.859711792467316,
              749.989
            ],
            [
              74.61642600935572,
              42.85970737450623,
              749.989
            ],
            [
              74.6164305104323,
              42.86002666486726,
              749.816
            ],
            [
              74.61632036601712,
              42.860031061124424,
              749.816
            ]
          ]
        ]
      }
    },
    {
      "type": "Feature",
      "properties": {
        "fid": 15,
        "road_id": "R014",
        "name": null,
        "road_type": null
      },
      "geometry": {
        "type": "Polygon",
        "coordinates": [
          [
            [
              74.61630980126696,
              42.85964503619945,
              749.989
            ],
            [
              74.61630456319286,
              42.85944487592077,
              752.936
            ],
            [
              74.61639530420594,
              42.85943564936756,
              752.936
            ],
            [
              74.61641352668354,
              42.859631087841066,
              749.989
            ],
            [
              74.61630980126696,
              42.85964503619945,
              749.989
            ]
          ]
        ]
      }
    },
    {
      "type": "Feature",
      "properties": {
        "fid": 16,
        "road_id": "R015",
        "name": null,
        "road_type": null
      },
      "geometry": {
        "type": "Polygon",
        "coordinates": [
          [
            [
              74.61653656601808,
              42.85963626528717,
              752.27
            ],
            [
              74.61658915105032,
              42.85951254351306,
              754.938
            ],
            [
              74.61666746813115,
              42.85941749968458,
              754.939
            ],
            [
              74.61677078051481,
              42.859470263862136,
              754.938
            ],
            [
              74.61667300214836,
              42.859570007909554,
              754.938
            ],
            [
              74.6166530101512,
              42.85966048173124,
              752.269
            ],
            [
              74.61653656601808,
              42.85963626528717,
              752.27
            ]
          ]
        ]
      }
    },
    {
      "type": "Feature",
      "properties": {
        "fid": 17,
        "road_id": "R016",
        "name": null,
        "road_type": null
      },
      "geometry": {
        "type": "Polygon",
        "coordinates": [
          [
            [
              74.61653426595026,
              42.86000795119901,
              749.196
            ],
            [
              74.6165426305026,
              42.85970299983825,
              752.269
            ],
            [
              74.6166460906507,
              42.85973193810664,
              752.269
            ],
            [
              74.61662491931155,
              42.86001302007944,
              749.196
            ],
            [
              74.61653426595026,
              42.86000795119901,
              749.196
            ]
          ]
        ]
      }
    },
    {
      "type": "Feature",
      "properties": {
        "fid": 18,
        "road_id": "R017",
        "name": null,
        "road_type": null
      },
      "geometry": {
        "type": "Polygon",
        "coordinates": [
          [
            [
              74.61652725780436,
              42.86009370317352,
              749.816
            ],
            [
              74.61654126405429,
              42.860970565681775,
              744.918
            ],
            [
              74.61655724633188,
              42.861528159491144,
              740.924
            ],
            [
              74.61656651539386,
              42.86212385316932,
              739.155
            ],
            [
              74.61657637434993,
              42.86262424275256,
              737.776
            ],
            [
              74.61658061091465,
              42.86298641976121,
              738.519
            ],
            [
              74.61659287849392,
              42.86414442865643,
              734.386
            ],
            [
              74.61660558869994,
              42.86523095932524,
              730.718
            ],
            [
              74.616709264452,
              42.8652265411479,
              730.717
            ],
            [
              74.61669499781098,
              42.86334420026085,
              736.995
            ],
            [
              74.61668075325409,
              42.86250545973973,
              737.776
            ],
            [
              74.616663628033,
              42.86108534267019,
              744.3
            ],
            [
              74.61663089548226,
              42.86009405023348,
              749.196
            ],
            [
              74.61652725780436,
              42.86009370317352,
              749.816
            ]
          ]
        ]
      }
    },
    {
      "type": "Feature",
      "properties": {
        "fid": 19,
        "road_id": "R018",
        "name": null,
        "road_type": null
      },
      "geometry": {
        "type": "Polygon",
        "coordinates": [
          [
            [
              74.61661980311185,
              42.866074464653146,
              734.783
            ],
            [
              74.61672345079495,
              42.86607481166797,
              734.783
            ],
            [
              74.616708704326,
              42.86531707993922,
              730.717
            ],
            [
              74.61661804319988,
              42.86531201109952,
              730.717
            ],
            [
              74.61661980311185,
              42.866074464653146,
              734.783
            ]
          ]
        ]
      }
    },
    {
      "type": "Feature",
      "properties": {
        "fid": 20,
        "road_id": "R019",
        "name": null,
        "road_type": null
      },
      "geometry": {
        "type": "Polygon",
        "coordinates": [
          [
            [
              74.6166302231631,
              42.86648431511965,
              734.66
            ],
            [
              74.61661859409772,
              42.86626983780147,
              734.661
            ],
            [
              74.61672227158799,
              42.866265419619964,
              734.661
            ],
            [
              74.61672902038468,
              42.866483454564154,
              734.66
            ],
            [
              74.6166302231631,
              42.86648431511965,
              734.66
            ]
          ]
        ]
      }
    },
    {
      "type": "Feature",
      "properties": {
        "fid": 21,
        "road_id": "R020",
        "name": null,
        "road_type": null
      },
      "geometry": {
        "type": "Polygon",
        "coordinates": [
          [
            [
              74.61668506708885,
              42.86789413305678,
              731.26
            ],
            [
              74.6166570402856,
              42.86718877536303,
              732.347
            ],
            [
              74.61664149832013,
              42.86655970413454,
              732.532
            ],
            [
              74.61673863930494,
              42.8665647946467,
              732.532
            ],
            [
              74.616759097994,
              42.86744644303587,
              736.238
            ],
            [
              74.61677414193336,
              42.86789443123766,
              731.26
            ],
            [
              74.61668506708885,
              42.86789413305678,
              731.26
            ]
          ]
        ]
      }
    },
    {
      "type": "Feature",
      "properties": {
        "fid": 22,
        "road_id": "R021",
        "name": null,
        "road_type": null
      },
      "geometry": {
        "type": "Polygon",
        "coordinates": [
          [
            [
              74.61121309506068,
              42.866770133823756,
              734.468
            ],
            [
              74.61121354362862,
              42.866698655895235,
              734.468
            ],
            [
              74.61289828122938,
              42.866632884911475,
              735.174
            ],
            [
              74.61289783460622,
              42.86670436285509,
              735.173
            ],
            [
              74.61121309506068,
              42.866770133823756,
              734.468
            ]
          ]
        ]
      }
    },
    {
      "type": "Feature",
      "properties": {
        "fid": 23,
        "road_id": "R022",
        "name": null,
        "road_type": null
      },
      "geometry": {
        "type": "Polygon",
        "coordinates": [
          [
            [
              74.61297560089368,
              42.86669986045884,
              737.351
            ],
            [
              74.61297598788936,
              42.866637912907144,
              737.351
            ],
            [
              74.61461540558277,
              42.86656719815175,
              738.494
            ],
            [
              74.61462782809159,
              42.86665301531165,
              738.494
            ],
            [
              74.61297560089368,
              42.86669986045884,
              737.351
            ]
          ]
        ]
      }
    },
    {
      "type": "Feature",
      "properties": {
        "fid": 24,
        "road_id": "R023",
        "name": null,
        "road_type": null
      },
      "geometry": {
        "type": "Polygon",
        "coordinates": [
          [
            [
              74.61473804365761,
              42.866639090339845,
              738.494
            ],
            [
              74.61473201012636,
              42.86656759058173,
              738.494
            ],
            [
              74.61640997038528,
              42.866483577416005,
              734.035
            ],
            [
              74.61641185012355,
              42.866572337373604,
              732.615
            ],
            [
              74.61473804365761,
              42.866639090339845,
              738.494
            ]
          ]
        ]
      }
    },
    {
      "type": "Feature",
      "properties": {
        "fid": 25,
        "road_id": "R024",
        "name": null,
        "road_type": null
      },
      "geometry": {
        "type": "Polygon",
        "coordinates": [
          [
            [
              74.61063588330393,
              42.85965834519778,
              749.695
            ],
            [
              74.6106234377164,
              42.85957729272809,
              751.66
            ],
            [
              74.61134580199997,
              42.85955651621125,
              751.584
            ],
            [
              74.61152405083378,
              42.859537464261656,
              751.584
            ],
            [
              74.61152354298977,
              42.859618472685256,
              752.528
            ],
            [
              74.61063588330393,
              42.85965834519778,
              749.695
            ]
          ]
        ]
      }
    },
    {
      "type": "Feature",
      "properties": {
        "fid": 26,
        "road_id": "R025",
        "name": null,
        "road_type": null
      },
      "geometry": {
        "type": "Polygon",
        "coordinates": [
          [
            [
              74.61157054822894,
              42.8596114842072,
              752.904
            ],
            [
              74.61157096640287,
              42.859544771387384,
              751.868
            ],
            [
              74.61198560272429,
              42.859531881389714,
              753.353
            ],
            [
              74.61246501180042,
              42.859519209145574,
              751.175
            ],
            [
              74.61247104208766,
              42.85959070909828,
              752.988
            ],
            [
              74.61157054822894,
              42.8596114842072,
              752.904
            ]
          ]
        ]
      }
    },
    {
      "type": "Feature",
      "properties": {
        "fid": 27,
        "road_id": "R026",
        "name": null,
        "road_type": null
      },
      "geometry": {
        "type": "Polygon",
        "coordinates": [
          [
            [
              74.61252292007374,
              42.859581354070194,
              751.175
            ],
            [
              74.61252336701818,
              42.859509876040505,
              751.175
            ],
            [
              74.61308698059817,
              42.85949748612573,
              752.685
            ],
            [
              74.6131513667738,
              42.85955965262349,
              752.685
            ],
            [
              74.61252292007374,
              42.859581354070194,
              751.175
            ]
          ]
        ]
      }
    },
    {
      "type": "Feature",
      "properties": {
        "fid": 28,
        "road_id": "R027",
        "name": null,
        "road_type": null
      },
      "geometry": {
        "type": "Polygon",
        "coordinates": [
          [
            [
              74.61324213814743,
              42.85954566336964,
              751.744
            ],
            [
              74.61320372053653,
              42.85947405404835,
              751.745
            ],
            [
              74.61411722586284,
              42.85944377933947,
              752.092
            ],
            [
              74.61487521633893,
              42.85942250495423,
              752.271
            ],
            [
              74.61584056797359,
              42.859387625572445,
              752.747
            ],
            [
              74.61629409564982,
              42.85937008514952,
              752.936
            ],
            [
              74.61630456319286,
              42.85944487592077,
              752.936
            ],
            [
              74.61473227171123,
              42.85949350359296,
              752.453
            ],
            [
              74.61383166111163,
              42.859533357306134,
              751.074
            ],
            [
              74.61324213814743,
              42.85954566336964,
              751.744
            ]
          ]
        ]
      }
    },
    {
      "type": "Feature",
      "properties": {
        "fid": 29,
        "road_id": "R028",
        "name": null,
        "road_type": null
      },
      "geometry": {
        "type": "Polygon",
        "coordinates": [
          [
            [
              74.61639530420594,
              42.85943564936756,
              752.936
            ],
            [
              74.61637830027738,
              42.85937036731054,
              752.936
            ],
            [
              74.61672165502576,
              42.85936198660946,
              754.939
            ],
            [
              74.61666746813115,
              42.85941749968458,
              754.939
            ],
            [
              74.61639530420594,
              42.85943564936756,
              752.936
            ]
          ]
        ]
      }
    },
    {
      "type": "Feature",
      "properties": {
        "fid": 30,
        "road_id": "R029",
        "name": null,
        "road_type": null
      },
      "geometry": {
        "type": "Polygon",
        "coordinates": [
          [
            [
              74.61682181711846,
              42.859400444286365,
              753.492
            ],
            [
              74.61681557556439,
              42.85936230097277,
              753.493
            ],
            [
              74.61864269626747,
              42.85928262577782,
              756.057
            ],
            [
              74.61864243233812,
              42.85932551262825,
              751.1
            ],
            [
              74.61682181711846,
              42.859400444286365,
              753.492
            ]
          ]
        ]
      }
    },
    {
      "type": "Feature",
      "properties": {
        "fid": 31,
        "road_id": "R030",
        "name": null,
        "road_type": null
      },
      "geometry": {
        "type": "Polygon",
        "coordinates": [
          [
            [
              74.61868780259312,
              42.859320898433126,
              751.1
            ],
            [
              74.61868153057492,
              42.85928752042193,
              756.057
            ],
            [
              74.61913502750723,
              42.85927473394524,
              753.502
            ],
            [
              74.61914129976861,
              42.85930811193261,
              750.894
            ],
            [
              74.61868780259312,
              42.859320898433126,
              751.1
            ]
          ]
        ]
      }
    },
    {
      "type": "Feature",
      "properties": {
        "fid": 32,
        "road_id": "R031",
        "name": null,
        "road_type": null
      },
      "geometry": {
        "type": "Polygon",
        "coordinates": [
          [
            [
              74.61919965380623,
              42.859298775419774,
              753.502
            ],
            [
              74.61919341079737,
              42.859260632229486,
              753.502
            ],
            [
              74.62014577399604,
              42.8592304386481,
              752.402
            ],
            [
              74.6208454938427,
              42.85920416609527,
              755.788
            ],
            [
              74.62163595299752,
              42.859168658552264,
              756.576
            ],
            [
              74.62217374008794,
              42.8591418426424,
              756.006
            ],
            [
              74.62220606828326,
              42.85915147992505,
              756.006
            ],
            [
              74.6222664257663,
              42.859876005161354,
              754.392
            ],
            [
              74.62219517506661,
              42.85987577007562,
              754.392
            ],
            [
              74.6221411213398,
              42.85917985742723,
              756.006
            ],
            [
              74.62111100344603,
              42.85921457563214,
              758.702
            ],
            [
              74.6202298616582,
              42.859249778801896,
              752.402
            ],
            [
              74.61919965380623,
              42.859298775419774,
              753.502
            ]
          ]
        ]
      }
    },
    {
      "type": "Feature",
      "properties": {
        "fid": 33,
        "road_id": "R032",
        "name": null,
        "road_type": null
      },
      "geometry": {
        "type": "Polygon",
        "coordinates": [
          [
            [
              74.62220147808848,
              42.85990438269136,
              754.392
            ],
            [
              74.6222132707043,
              42.86009503371655,
              754.391
            ],
            [
              74.62227159598487,
              42.86009046084733,
              754.391
            ],
            [
              74.62225974509445,
              42.85990934024152,
              754.391
            ],
            [
              74.62220147808848,
              42.85990438269136,
              754.392
            ]
          ]
        ]
      }
    },
    {
      "type": "Feature",
      "properties": {
        "fid": 34,
        "road_id": "R033",
        "name": null,
        "road_type": null
      },
      "geometry": {
        "type": "Polygon",
        "coordinates": [
          [
            [
              74.6222311631106,
              42.860347653793774,
              752.486
            ],
            [
              74.62221951565361,
              42.86013317674408,
              754.391
            ],
            [
              74.62227784096966,
              42.86012860387186,
              754.39
            ],
            [
              74.62228951767392,
              42.8603383157098,
              752.486
            ],
            [
              74.6222311631106,
              42.860347653793774,
              752.486
            ]
          ]
        ]
      }
    },
    {
      "type": "Feature",
      "properties": {
        "fid": 35,
        "road_id": "R034",
        "name": null,
        "road_type": null
      },
      "geometry": {
        "type": "Polygon",
        "coordinates": [
          [
            [
              74.62229140576612,
              42.86109123969538,
              751.026
            ],
            [
              74.62224391453458,
              42.86038105298317,
              752.486
            ],
            [
              74.6223022110372,
              42.86038124530632,
              752.486
            ],
            [
              74.62233677705346,
              42.86108662405963,
              751.026
            ],
            [
              74.62229140576612,
              42.86109123969538,
              751.026
            ]
          ]
        ]
      }
    },
    {
      "type": "Feature",
      "properties": {
        "fid": 36,
        "road_id": "R035",
        "name": null,
        "road_type": null
      },
      "geometry": {
        "type": "Polygon",
        "coordinates": [
          [
            [
              74.62232794702614,
              42.86147258437851,
              749.599
            ],
            [
              74.62230415737278,
              42.86112463887443,
              751.026
            ],
            [
              74.62234302217443,
              42.86112476707449,
              751.026
            ],
            [
              74.62236681204614,
              42.86147271257133,
              749.527
            ],
            [
              74.62232794702614,
              42.86147258437851,
              749.599
            ]
          ]
        ]
      }
    },
    {
      "type": "Feature",
      "properties": {
        "fid": 37,
        "road_id": "R036",
        "name": null,
        "road_type": null
      },
      "geometry": {
        "type": "Polygon",
        "coordinates": [
          [
            [
              74.62235748841242,
              42.86193968136019,
              747.311
            ],
            [
              74.62242229297192,
              42.86193512978723,
              747.31
            ],
            [
              74.62238440012071,
              42.86150970166722,
              749.527
            ],
            [
              74.6223341921789,
              42.861510727391384,
              749.598
            ],
            [
              74.62235748841242,
              42.86193968136019,
              747.311
            ]
          ]
        ]
      }
    },
    {
      "type": "Feature",
      "properties": {
        "fid": 38,
        "road_id": "R037",
        "name": null,
        "road_type": null
      },
      "geometry": {
        "type": "Polygon",
        "coordinates": [
          [
            [
              74.61672165502576,
              42.85936198660946,
              754.939
            ],
            [
              74.61668373830523,
              42.85868518658895,
              756.249
            ],
            [
              74.61678734416192,
              42.85869029870323,
              756.249
            ],
            [
              74.61681557556439,
              42.85936230097277,
              753.493
            ],
            [
              74.61672165502576,
              42.85936198660946,
              754.939
            ]
          ]
        ]
      }
    },
    {
      "type": "Feature",
      "properties": {
        "fid": 39,
        "road_id": "R038",
        "name": null,
        "road_type": null
      },
      "geometry": {
        "type": "Polygon",
        "coordinates": [
          [
            [
              74.61579703563673,
              42.8628828282523,
              744.494
            ],
            [
              74.61602626568794,
              42.86234750093883,
              744.908
            ],
            [
              74.61606581034316,
              42.86223803163438,
              744.909
            ],
            [
              74.61611601895835,
              42.86223700866186,
              744.909
            ],
            [
              74.61609754870301,
              42.862342974672764,
              744.908
            ],
            [
              74.61596598856433,
              42.862666573909436,
              744.495
            ],
            [
              74.61585527536238,
              42.86289255426912,
              744.494
            ],
            [
              74.61579703563673,
              42.8628828282523,
              744.494
            ]
          ]
        ]
      }
    },
    {
      "type": "Feature",
      "properties": {
        "fid": 40,
        "road_id": "R039",
        "name": null,
        "road_type": null
      },
      "geometry": {
        "type": "Polygon",
        "coordinates": [
          [
            [
              74.6160628446774,
              42.86219394265772,
              744.909
            ],
            [
              74.61607727610843,
              42.861955726006585,
              745.047
            ],
            [
              74.61605993985822,
              42.86161733149531,
              745.44
            ],
            [
              74.61607404637348,
              42.86143153204664,
              747.413
            ],
            [
              74.6160747254509,
              42.86132193239046,
              747.414
            ],
            [
              74.61613299327635,
              42.861326893060635,
              747.414
            ],
            [
              74.61612495116746,
              42.86157942707103,
              745.44
            ],
            [
              74.6161298345367,
              42.861836769707,
              745.047
            ],
            [
              74.61614163831221,
              42.86202265601968,
              745.046
            ],
            [
              74.61613409799189,
              42.862194181569855,
              744.909
            ],
            [
              74.6160628446774,
              42.86219394265772,
              744.909
            ]
          ]
        ]
      }
    },
    {
      "type": "Feature",
      "properties": {
        "fid": 41,
        "road_id": "R040",
        "name": null,
        "road_type": null
      },
      "geometry": {
        "type": "Polygon",
        "coordinates": [
          [
            [
              74.61607493212588,
              42.861288575972964,
              747.414
            ],
            [
              74.61608948136887,
              42.86103129847066,
              748.807
            ],
            [
              74.61606490020282,
              42.86081677746378,
              746.712
            ],
            [
              74.6159695993006,
              42.86051624382564,
              747.709
            ],
            [
              74.61587382668324,
              42.86029195334828,
              749.172
            ],
            [
              74.61582913500011,
              42.860186966749126,
              749.172
            ],
            [
              74.61585554664791,
              42.86010604522414,
              749.998
            ],
            [
              74.61588828788302,
              42.86004897143939,
              749.998
            ],
            [
              74.61595288418137,
              42.86007777994497,
              749.998
            ],
            [
              74.61591987716875,
              42.860177740578465,
              749.172
            ],
            [
              74.61593203445406,
              42.86030644452425,
              749.172
            ],
            [
              74.61602813211,
              42.86047831771866,
              748.388
            ],
            [
              74.61607891793166,
              42.860645273596894,
              748.387
            ],
            [
              74.61612293138624,
              42.86085985976086,
              746.711
            ],
            [
              74.61616712224635,
              42.861045854684484,
              748.807
            ],
            [
              74.6161527209168,
              42.861279306184464,
              747.414
            ],
            [
              74.61607493212588,
              42.861288575972964,
              747.414
            ]
          ]
        ]
      }
    },
    {
      "type": "Feature",
      "properties": {
        "fid": 42,
        "road_id": "R041",
        "name": null,
        "road_type": null
      },
      "geometry": {
        "type": "Polygon",
        "coordinates": [
          [
            [
              74.61592104382525,
              42.85998951504272,
              749.998
            ],
            [
              74.61596026227535,
              42.85993246296398,
              749.999
            ],
            [
              74.61601861736918,
              42.8599231280776,
              749.506
            ],
            [
              74.61598575819923,
              42.85999926271579,
              749.506
            ],
            [
              74.61592104382525,
              42.85998951504272,
              749.998
            ]
          ]
        ]
      }
    },
    {
      "type": "Feature",
      "properties": {
        "fid": 43,
        "road_id": "R042",
        "name": null,
        "road_type": null
      },
      "geometry": {
        "type": "Polygon",
        "coordinates": [
          [
            [
              74.61599303285116,
              42.85987062394318,
              749.506
            ],
            [
              74.61612316986984,
              42.85977575428074,
              749.877
            ],
            [
              74.61618193800415,
              42.85969970645614,
              749.877
            ],
            [
              74.61623999773953,
              42.85973802349465,
              749.877
            ],
            [
              74.6161227270735,
              42.85984723233739,
              749.877
            ],
            [
              74.61604467434505,
              42.859899388947944,
              749.506
            ],
            [
              74.61599303285116,
              42.85987062394318,
              749.506
            ]
          ]
        ]
      }
    },
    {
      "type": "Feature",
      "properties": {
        "fid": 44,
        "road_id": "R043",
        "name": null,
        "road_type": null
      },
      "geometry": {
        "type": "Polygon",
        "coordinates": [
          [
            [
              74.61622091993287,
              42.85968077591515,
              749.877
            ],
            [
              74.61630980126696,
              42.85964503619945,
              749.989
            ],
            [
              74.61632234282268,
              42.859711792467316,
              749.989
            ],
            [
              74.61625960674678,
              42.8597094974003,
              749.989
            ],
            [
              74.61622091993287,
              42.85968077591515,
              749.877
            ]
          ]
        ]
      }
    },
    {
      "type": "Feature",
      "properties": {
        "fid": 45,
        "road_id": "R098",
        "name": null,
        "road_type": null
      },
      "geometry": {
        "type": "Polygon",
        "coordinates": [
          [
            [
              74.61598575819923,
              42.85999926271579,
              749.506
            ],
            [
              74.61608957284766,
              42.8599710190436,
              749.506
            ],
            [
              74.6161411259143,
              42.8600140796157,
              749.506
            ],
            [
              74.61599847665204,
              42.86003742779289,
              749.506
            ],
            [
              74.61598575819923,
              42.85999926271579,
              749.506
            ]
          ]
        ]
      }
    },
    {
      "type": "Feature",
      "properties": {
        "fid": 46,
        "road_id": "R044",
        "name": null,
        "road_type": null
      },
      "geometry": {
        "type": "Polygon",
        "coordinates": [
          [
            [
              74.61614145061812,
              42.85996166237567,
              749.506
            ],
            [
              74.61632036601712,
              42.860031061124424,
              749.816
            ],
            [
              74.61635233972468,
              42.86009788250085,
              749.816
            ],
            [
              74.6161734536132,
              42.86002371859833,
              749.506
            ],
            [
              74.61614145061812,
              42.85996166237567,
              749.506
            ]
          ]
        ]
      }
    },
    {
      "type": "Feature",
      "properties": {
        "fid": 47,
        "road_id": "R045",
        "name": null,
        "road_type": null
      },
      "geometry": {
        "type": "Polygon",
        "coordinates": [
          [
            [
              74.61601861736918,
              42.8599231280776,
              749.506
            ],
            [
              74.61604467434505,
              42.859899388947944,
              749.506
            ],
            [
              74.61614145061812,
              42.85996166237567,
              749.506
            ],
            [
              74.61608957284766,
              42.8599710190436,
              749.506
            ],
            [
              74.61601861736918,
              42.8599231280776,
              749.506
            ]
          ]
        ]
      }
    },
    {
      "type": "Feature",
      "properties": {
        "fid": 48,
        "road_id": "R046",
        "name": null,
        "road_type": null
      },
      "geometry": {
        "type": "Polygon",
        "coordinates": [
          [
            [
              74.6168100606335,
              42.85973040217245,
              751.649
            ],
            [
              74.61677078051481,
              42.859470263862136,
              754.938
            ],
            [
              74.61679893299114,
              42.859434916146306,
              754.938
            ],
            [
              74.6168630576784,
              42.85953996741152,
              753.492
            ],
            [
              74.61687453918545,
              42.85977827097688,
              751.649
            ],
            [
              74.6168100606335,
              42.85973040217245,
              751.649
            ]
          ]
        ]
      }
    },
    {
      "type": "Feature",
      "properties": {
        "fid": 49,
        "road_id": "R047",
        "name": null,
        "road_type": null
      },
      "geometry": {
        "type": "Polygon",
        "coordinates": [
          [
            [
              74.6166460906507,
              42.85973193810664,
              752.269
            ],
            [
              74.6166530101512,
              42.85966048173124,
              752.269
            ],
            [
              74.6168100606335,
              42.85973040217245,
              751.649
            ],
            [
              74.6167774088241,
              42.859773180615434,
              752.269
            ],
            [
              74.6166460906507,
              42.85973193810664,
              752.269
            ]
          ]
        ]
      }
    },
    {
      "type": "Feature",
      "properties": {
        "fid": 50,
        "road_id": "R048",
        "name": null,
        "road_type": null
      },
      "geometry": {
        "type": "Polygon",
        "coordinates": [
          [
            [
              74.61681609595469,
              42.859801901913315,
              751.649
            ],
            [
              74.61687453918545,
              42.85977827097688,
              751.649
            ],
            [
              74.61694531842492,
              42.85985475264087,
              751.649
            ],
            [
              74.61701577387515,
              42.859983651506404,
              750.754
            ],
            [
              74.6169446409221,
              42.859964352336384,
              750.755
            ],
            [
              74.61689980035362,
              42.859883192163835,
              750.755
            ],
            [
              74.61681609595469,
              42.859801901913315,
              751.649
            ]
          ]
        ]
      }
    },
    {
      "type": "Feature",
      "properties": {
        "fid": 51,
        "road_id": "R049",
        "name": null,
        "road_type": null
      },
      "geometry": {
        "type": "Polygon",
        "coordinates": [
          [
            [
              74.61662491931155,
              42.86001302007944,
              749.196
            ],
            [
              74.61675685696086,
              42.85995419332941,
              749.196
            ],
            [
              74.61684756919138,
              42.859949731625285,
              750.755
            ],
            [
              74.6169446409221,
              42.859964352336384,
              750.755
            ],
            [
              74.61692491431474,
              42.860011939363964,
              750.754
            ],
            [
              74.61680841047948,
              42.85999725360294,
              750.755
            ],
            [
              74.61669158246183,
              42.86003498496676,
              749.196
            ],
            [
              74.61663089548226,
              42.86009405023348,
              749.196
            ],
            [
              74.61662491931155,
              42.86001302007944,
              749.196
            ]
          ]
        ]
      }
    },
    {
      "type": "Feature",
      "properties": {
        "fid": 52,
        "road_id": "R050",
        "name": null,
        "road_type": null
      },
      "geometry": {
        "type": "Polygon",
        "coordinates": [
          [
            [
              74.61697587338881,
              42.862247036341856,
              741.946
            ],
            [
              74.61704050193309,
              42.86227107903141,
              741.946
            ],
            [
              74.61700452296432,
              42.86180395919272,
              746.389
            ],
            [
              74.61698088091993,
              42.861436951907066,
              746.886
            ],
            [
              74.61695747479494,
              42.86103182296843,
              746.561
            ],
            [
              74.6169586825193,
              42.86083644963295,
              747.469
            ],
            [
              74.61700537938201,
              42.8606174019533,
              747.802
            ],
            [
              74.61707810324503,
              42.86037938008513,
              750.455
            ],
            [
              74.61713098226596,
              42.860208006036764,
              750.11
            ],
            [
              74.61712518208923,
              42.86009838468337,
              751.212
            ],
            [
              74.61706082080282,
              42.86003145520427,
              750.754
            ],
            [
              74.61701577387515,
              42.859983651506404,
              750.754
            ],
            [
              74.61697658581588,
              42.86003593874581,
              750.754
            ],
            [
              74.61704106481336,
              42.86008380745564,
              750.754
            ],
            [
              74.61707298043225,
              42.86016015904135,
              750.456
            ],
            [
              74.61706606135591,
              42.86023161543756,
              750.455
            ],
            [
              74.61701318213504,
              42.86040298945445,
              750.455
            ],
            [
              74.616940811487,
              42.86058382883656,
              747.802
            ],
            [
              74.61689446795958,
              42.86074569404953,
              747.47
            ],
            [
              74.61689964909667,
              42.86095538467007,
              747.469
            ],
            [
              74.61692278967952,
              42.86140340045057,
              746.886
            ],
            [
              74.6169578840898,
              42.86201347641825,
              743.53
            ],
            [
              74.61697587338881,
              42.862247036341856,
              741.946
            ]
          ]
        ]
      }
    },
    {
      "type": "Feature",
      "properties": {
        "fid": 53,
        "road_id": "R051",
        "name": null,
        "road_type": null
      },
      "geometry": {
        "type": "Polygon",
        "coordinates": [
          [
            [
              74.6171040478619,
              42.86312547165515,
              741.395
            ],
            [
              74.61713990328332,
              42.86295761472932,
              741.396
            ],
            [
              74.61712780189885,
              42.86281938055601,
              743.564
            ],
            [
              74.61704530078407,
              42.86254271721829,
              741.808
            ],
            [
              74.61700119461479,
              42.86234242706141,
              741.946
            ],
            [
              74.61698859290367,
              42.862285201298114,
              741.946
            ],
            [
              74.61704677335712,
              42.86230445711282,
              741.946
            ],
            [
              74.61711670173854,
              42.86251912951027,
              744.996
            ],
            [
              74.6171543896603,
              42.86270986755495,
              743.564
            ],
            [
              74.6171923722168,
              42.86285295356365,
              743.563
            ],
            [
              74.6171980549739,
              42.862981635669236,
              741.396
            ],
            [
              74.61719470583236,
              42.86313054009964,
              741.395
            ],
            [
              74.6171040478619,
              42.86312547165515,
              741.395
            ]
          ]
        ]
      }
    },
    {
      "type": "Feature",
      "properties": {
        "fid": 54,
        "road_id": "R052",
        "name": null,
        "road_type": null
      },
      "geometry": {
        "type": "Polygon",
        "coordinates": [
          [
            [
              74.61124472193666,
              42.86405283009713,
              740.241
            ],
            [
              74.61123875246773,
              42.863971799744405,
              737.622
            ],
            [
              74.61163395534714,
              42.86396361035887,
              740.576
            ],
            [
              74.61163347743768,
              42.864039853522954,
              740.115
            ],
            [
              74.61124472193666,
              42.86405283009713,
              740.241
            ]
          ]
        ]
      }
    },
    {
      "type": "Feature",
      "properties": {
        "fid": 55,
        "road_id": "R053",
        "name": null,
        "road_type": null
      },
      "geometry": {
        "type": "Polygon",
        "coordinates": [
          [
            [
              74.61169180717532,
              42.86403528606417,
              740.115
            ],
            [
              74.61168583712302,
              42.863954255732196,
              740.576
            ],
            [
              74.61217823598302,
              42.863941628772665,
              740.204
            ],
            [
              74.61272257582252,
              42.86391011420055,
              740.109
            ],
            [
              74.61271565128082,
              42.86398157026557,
              740.109
            ],
            [
              74.61169180717532,
              42.86403528606417,
              740.115
            ]
          ]
        ]
      }
    },
    {
      "type": "Feature",
      "properties": {
        "fid": 56,
        "road_id": "R054",
        "name": null,
        "road_type": null
      },
      "geometry": {
        "type": "Polygon",
        "coordinates": [
          [
            [
              74.61280636967741,
              42.86397711179076,
              740.109
            ],
            [
              74.61280033861306,
              42.86390561190736,
              740.109
            ],
            [
              74.61330584109629,
              42.8638691979149,
              739.834
            ],
            [
              74.61405758631247,
              42.86381931610071,
              739.765
            ],
            [
              74.61435403201473,
              42.86380601908875,
              739.7
            ],
            [
              74.61436168430099,
              42.86387752435312,
              739.7
            ],
            [
              74.61372011983431,
              42.86391824934391,
              740.105
            ],
            [
              74.61280636967741,
              42.86397711179076,
              740.109
            ]
          ]
        ]
      }
    },
    {
      "type": "Feature",
      "properties": {
        "fid": 57,
        "road_id": "R055",
        "name": null,
        "road_type": null
      },
      "geometry": {
        "type": "Polygon",
        "coordinates": [
          [
            [
              74.61446377556021,
              42.863867146245944,
              739.7
            ],
            [
              74.61445774259234,
              42.86379564644102,
              739.7
            ],
            [
              74.61513163481625,
              42.863764556586695,
              740.002
            ],
            [
              74.61550095458018,
              42.86375150154431,
              740.502
            ],
            [
              74.61588331829446,
              42.86372419317377,
              741.939
            ],
            [
              74.6158894415271,
              42.863781397309914,
              741.396
            ],
            [
              74.61523492351132,
              42.86382208733315,
              740.175
            ],
            [
              74.61446377556021,
              42.863867146245944,
              739.7
            ]
          ]
        ]
      }
    },
    {
      "type": "Feature",
      "properties": {
        "fid": 58,
        "road_id": "R056",
        "name": null,
        "road_type": null
      },
      "geometry": {
        "type": "Polygon",
        "coordinates": [
          [
            [
              74.61593225407495,
              42.865234957075664,
              740.005
            ],
            [
              74.6158894415271,
              42.863781397309914,
              741.396
            ],
            [
              74.6159866076254,
              42.86378172324499,
              742.174
            ],
            [
              74.61601441880256,
              42.86452043788595,
              741.306
            ],
            [
              74.61603143064976,
              42.86491124942883,
              741.23
            ],
            [
              74.61604226011097,
              42.86525438722811,
              739.068
            ],
            [
              74.61593225407495,
              42.865234957075664,
              740.005
            ]
          ]
        ]
      }
    },
    {
      "type": "Feature",
      "properties": {
        "fid": 59,
        "road_id": "R057",
        "name": null,
        "road_type": null
      },
      "geometry": {
        "type": "Polygon",
        "coordinates": [
          [
            [
              74.61682834309097,
              42.86373067474043,
              740.366
            ],
            [
              74.6168227935088,
              42.86379911958041,
              739.993
            ],
            [
              74.61686423831927,
              42.863801341991426,
              739.993
            ],
            [
              74.61700658665188,
              42.863828027393254,
              739.993
            ],
            [
              74.6171066383297,
              42.86388554562341,
              741.301
            ],
            [
              74.61713187206927,
              42.86399523189268,
              741.3
            ],
            [
              74.61713696586348,
              42.86421921798947,
              739.065
            ],
            [
              74.61714150021048,
              42.864533742885726,
              738.503
            ],
            [
              74.61715904918722,
              42.86483878068582,
              738.14
            ],
            [
              74.61714382610195,
              42.865205657763866,
              740.665
            ],
            [
              74.61709762681285,
              42.865343696918316,
              740.665
            ],
            [
              74.61721745331911,
              42.86534648024003,
              740.665
            ],
            [
              74.61726013373888,
              42.86525369960783,
              740.665
            ],
            [
              74.61726095799747,
              42.865120274010074,
              738.32
            ],
            [
              74.6172622532496,
              42.86491060520725,
              738.321
            ],
            [
              74.61726366623611,
              42.86468187559534,
              738.141
            ],
            [
              74.61723999224242,
              42.86431963373835,
              738.504
            ],
            [
              74.61724169966308,
              42.864043252094895,
              739.065
            ],
            [
              74.61722314954241,
              42.86390023109975,
              741.301
            ],
            [
              74.61713302047642,
              42.86380938905671,
              741.301
            ],
            [
              74.61699086360208,
              42.86375173000572,
              739.993
            ],
            [
              74.61682834309097,
              42.86373067474043,
              740.366
            ]
          ]
        ]
      }
    },
    {
      "type": "Feature",
      "properties": {
        "fid": 60,
        "road_id": "R058",
        "name": null,
        "road_type": null
      },
      "geometry": {
        "type": "Polygon",
        "coordinates": [
          [
            [
              74.61672345079495,
              42.86607481166797,
              734.783
            ],
            [
              74.61692339898785,
              42.86575769504323,
              734.453
            ],
            [
              74.61704126861314,
              42.86555318154235,
              736.331
            ],
            [
              74.61714476819381,
              42.86557735416999,
              736.865
            ],
            [
              74.61672227158799,
              42.866265419619964,
              734.661
            ],
            [
              74.61672345079495,
              42.86607481166797,
              734.783
            ]
          ]
        ]
      }
    },
    {
      "type": "Feature",
      "properties": {
        "fid": 61,
        "road_id": "R059",
        "name": null,
        "road_type": null
      },
      "geometry": {
        "type": "Polygon",
        "coordinates": [
          [
            [
              74.61705440118925,
              42.865524633679165,
              736.331
            ],
            [
              74.61708104917938,
              42.86540559035273,
              734.573
            ],
            [
              74.61719762212755,
              42.865410745462924,
              740.664
            ],
            [
              74.61715151114161,
              42.86553448903531,
              736.865
            ],
            [
              74.61705440118925,
              42.865524633679165,
              736.331
            ]
          ]
        ]
      }
    },
    {
      "type": "Feature",
      "properties": {
        "fid": 62,
        "road_id": "R060",
        "name": null,
        "road_type": null
      },
      "geometry": {
        "type": "Polygon",
        "coordinates": [
          [
            [
              74.616708704326,
              42.86531707993922,
              730.717
            ],
            [
              74.616709264452,
              42.8652265411479,
              730.717
            ],
            [
              74.61681589693603,
              42.86533322378718,
              734.574
            ],
            [
              74.61692575611089,
              42.86537647908998,
              734.573
            ],
            [
              74.61702940263001,
              42.86537682582334,
              734.573
            ],
            [
              74.61709762681285,
              42.865343696918316,
              740.665
            ],
            [
              74.61708104917938,
              42.86540559035273,
              734.573
            ],
            [
              74.61699668905118,
              42.86542913467477,
              736.332
            ],
            [
              74.61689310137757,
              42.86541925751243,
              736.332
            ],
            [
              74.61682855802965,
              42.86538091914177,
              734.574
            ],
            [
              74.61676392633319,
              42.86535687633332,
              730.717
            ],
            [
              74.616708704326,
              42.86531707993922,
              730.717
            ]
          ]
        ]
      }
    },
    {
      "type": "Feature",
      "properties": {
        "fid": 63,
        "road_id": "R061",
        "name": null,
        "road_type": null
      },
      "geometry": {
        "type": "Polygon",
        "coordinates": [
          [
            [
              74.61608371679662,
              42.86535936280605,
              739.067
            ],
            [
              74.61604226011097,
              42.86525438722811,
              739.068
            ],
            [
              74.6161227909049,
              42.86532613673377,
              739.067
            ],
            [
              74.61618745183844,
              42.865345414703995,
              739.067
            ],
            [
              74.61625217184356,
              42.86535516223938,
              736.036
            ],
            [
              74.61632354683529,
              42.86533634025069,
              736.036
            ],
            [
              74.61640151770078,
              42.86529847912351,
              736.036
            ],
            [
              74.61643689800127,
              42.86527328200863,
              736.036
            ],
            [
              74.6164429333855,
              42.86534478170029,
              736.036
            ],
            [
              74.61634916336558,
              42.86538407907173,
              736.036
            ],
            [
              74.61626480299249,
              42.86540762285362,
              736.036
            ],
            [
              74.61620002389141,
              42.865407405723545,
              739.067
            ],
            [
              74.61615476709032,
              42.86539295811331,
              739.067
            ],
            [
              74.61608371679662,
              42.86535936280605,
              739.067
            ]
          ]
        ]
      }
    },
    {
      "type": "Feature",
      "properties": {
        "fid": 64,
        "road_id": "R062",
        "name": null,
        "road_type": null
      },
      "geometry": {
        "type": "Polygon",
        "coordinates": [
          [
            [
              74.61642451961293,
              42.86622630010425,
              737.451
            ],
            [
              74.61625481273254,
              42.865974659816054,
              737.452
            ],
            [
              74.61613311900244,
              42.8657502828823,
              740.226
            ],
            [
              74.6160308008504,
              42.865535501386766,
              740.66
            ],
            [
              74.61597986356273,
              42.86539237161008,
              739.067
            ],
            [
              74.615967350808,
              42.86532085016891,
              740.005
            ],
            [
              74.61608371679662,
              42.86535936280605,
              739.067
            ],
            [
              74.61614104364521,
              42.86551680985368,
              740.66
            ],
            [
              74.61621771604088,
              42.86568861760964,
              740.659
            ],
            [
              74.61632015313464,
              42.86588433814068,
              739.402
            ],
            [
              74.61643205970064,
              42.86605477465471,
              737.452
            ],
            [
              74.61642451961293,
              42.86622630010425,
              737.451
            ]
          ]
        ]
      }
    },
    {
      "type": "Feature",
      "properties": {
        "fid": 65,
        "road_id": "R063",
        "name": null,
        "road_type": null
      },
      "geometry": {
        "type": "Polygon",
        "coordinates": [
          [
            [
              74.61677414193336,
              42.86789443123766,
              731.26
            ],
            [
              74.61689735978364,
              42.86787339976674,
              731.279
            ],
            [
              74.61698852552625,
              42.86779746003926,
              731.279
            ],
            [
              74.6170927357106,
              42.86770726797544,
              734.12
            ],
            [
              74.61710583927453,
              42.86768348531654,
              734.12
            ],
            [
              74.61709447344325,
              42.867426121302934,
              735.402
            ],
            [
              74.6170577255167,
              42.86708289704432,
              732.205
            ],
            [
              74.61703917496133,
              42.86693987609352,
              732.205
            ],
            [
              74.61698252213466,
              42.86667282995577,
              732.107
            ],
            [
              74.61697053828145,
              42.86651553505964,
              734.125
            ],
            [
              74.61701612013098,
              42.86647756516299,
              734.125
            ],
            [
              74.61708749618961,
              42.866458742705895,
              737.982
            ],
            [
              74.6175088029085,
              42.866422028567975,
              737.192
            ],
            [
              74.61795593303692,
              42.866399694941954,
              738.012
            ],
            [
              74.61850671106687,
              42.866377704970866,
              738.259
            ],
            [
              74.61897975258863,
              42.86635545367961,
              737.134
            ],
            [
              74.61931669702847,
              42.8663422785972,
              737.448
            ],
            [
              74.62000999029573,
              42.8663207551569,
              736.531
            ],
            [
              74.62039878760574,
              42.866302983673094,
              737.091
            ],
            [
              74.6207745995228,
              42.866289933157006,
              739.614
            ],
            [
              74.62077430783589,
              42.866337585166264,
              739.614
            ],
            [
              74.62019119925363,
              42.86634994820685,
              737.091
            ],
            [
              74.61940712570652,
              42.86638546690678,
              737.448
            ],
            [
              74.61886288454438,
              42.86639795237551,
              737.134
            ],
            [
              74.61837679856461,
              42.8664344555974,
              738.131
            ],
            [
              74.61772234224986,
              42.86646086412109,
              737.515
            ],
            [
              74.61726867470173,
              42.866492705575624,
              737.981
            ],
            [
              74.61704176711763,
              42.866520538624776,
              734.125
            ],
            [
              74.61704715528603,
              42.86669687264098,
              732.106
            ],
            [
              74.61707810229441,
              42.86693047569809,
              732.205
            ],
            [
              74.61713384282153,
              42.8673452429204,
              733.342
            ],
            [
              74.61715787060263,
              42.86765030223635,
              734.12
            ],
            [
              74.61715731108481,
              42.867740840993925,
              734.119
            ],
            [
              74.61700103994033,
              42.86786898134439,
              731.279
            ],
            [
              74.61692957382976,
              42.86790209932892,
              731.279
            ],
            [
              74.61676735423812,
              42.86794444412637,
              733.047
            ],
            [
              74.61677414193336,
              42.86789443123766,
              731.26
            ]
          ]
        ]
      }
    },
    {
      "type": "Feature",
      "properties": {
        "fid": 66,
        "road_id": "R064",
        "name": null,
        "road_type": null
      },
      "geometry": {
        "type": "Polygon",
        "coordinates": [
          [
            [
              74.62070226325443,
              42.86752390547667,
              734.719
            ],
            [
              74.62073091806984,
              42.86707606251032,
              737.661
            ],
            [
              74.62076027252968,
              42.866513854683234,
              739.613
            ],
            [
              74.62077430783589,
              42.866337585166264,
              739.614
            ],
            [
              74.62083908794403,
              42.86633779971202,
              739.614
            ],
            [
              74.62081025929136,
              42.866814233970864,
              737.662
            ],
            [
              74.62078843331425,
              42.867204916034474,
              737.524
            ],
            [
              74.62076707377302,
              42.86751935486803,
              734.719
            ],
            [
              74.62076707377302,
              42.86751935486803,
              734.719
            ],
            [
              74.62076707377302,
              42.86751935486803,
              734.719
            ],
            [
              74.62070226325443,
              42.86752390547667,
              734.719
            ]
          ]
        ]
      }
    },
    {
      "type": "Feature",
      "properties": {
        "fid": 67,
        "road_id": "R065",
        "name": null,
        "road_type": null
      },
      "geometry": {
        "type": "Polygon",
        "coordinates": [
          [
            [
              74.6207745995228,
              42.866289933157006,
              739.614
            ],
            [
              74.62088498354534,
              42.86518951487377,
              738.955
            ],
            [
              74.62094322625389,
              42.86519923831002,
              738.955
            ],
            [
              74.62086744954966,
              42.86593760862569,
              740.767
            ],
            [
              74.62084588675019,
              42.866285403953945,
              739.614
            ],
            [
              74.6207745995228,
              42.866289933157006,
              739.614
            ]
          ]
        ]
      }
    },
    {
      "type": "Feature",
      "properties": {
        "fid": 68,
        "road_id": "R066",
        "name": null,
        "road_type": null
      },
      "geometry": {
        "type": "Polygon",
        "coordinates": [
          [
            [
              74.62088498354534,
              42.86518951487377,
              738.955
            ],
            [
              74.62043229024464,
              42.86506411725272,
              738.15
            ],
            [
              74.62014755580334,
              42.8650155199705,
              738.85
            ],
            [
              74.61994046852102,
              42.86498147564902,
              740.401
            ],
            [
              74.61961718949438,
              42.864880330808454,
              743.645
            ],
            [
              74.61929391152859,
              42.864779185057394,
              740.405
            ],
            [
              74.61897705384908,
              42.86468759035605,
              742.055
            ],
            [
              74.61880898191004,
              42.86462984732426,
              742.055
            ],
            [
              74.61880912850066,
              42.86460602131798,
              742.055
            ],
            [
              74.61884163490444,
              42.864587068342736,
              742.055
            ],
            [
              74.61902914025592,
              42.86464487599173,
              740.406
            ],
            [
              74.6193846892055,
              42.86476519097073,
              738.935
            ],
            [
              74.61970814274378,
              42.864837745256665,
              738.506
            ],
            [
              74.62003139247459,
              42.864943655042545,
              740.401
            ],
            [
              74.62021250978796,
              42.864987143655306,
              738.85
            ],
            [
              74.62041968482617,
              42.86500689187992,
              738.151
            ],
            [
              74.62089823090713,
              42.865141905752886,
              738.955
            ],
            [
              74.62088498354534,
              42.86518951487377,
              738.955
            ]
          ]
        ]
      }
    },
    {
      "type": "Feature",
      "properties": {
        "fid": 69,
        "road_id": "R067",
        "name": null,
        "road_type": null
      },
      "geometry": {
        "type": "Polygon",
        "coordinates": [
          [
            [
              74.62089823090713,
              42.865141905752886,
              738.955
            ],
            [
              74.62096612909596,
              42.86463224358594,
              738.54
            ],
            [
              74.62097295674893,
              42.864575082601064,
              739.981
            ],
            [
              74.62071436877602,
              42.86448845088638,
              740.374
            ],
            [
              74.62030687955222,
              42.86438702899132,
              738.17
            ],
            [
              74.62007408761136,
              42.86431954256865,
              740.109
            ],
            [
              74.62007432137533,
              42.86428142095088,
              740.022
            ],
            [
              74.6201908340568,
              42.864296103411824,
              740.402
            ],
            [
              74.62052055961135,
              42.86440203330739,
              739.111
            ],
            [
              74.62092145484756,
              42.86452249380631,
              740.374
            ],
            [
              74.62103788074901,
              42.86455147101473,
              739.981
            ],
            [
              74.62104400881908,
              42.86460867488561,
              737.837
            ],
            [
              74.62097614044977,
              42.86511357190137,
              737.544
            ],
            [
              74.62089823090713,
              42.865141905752886,
              738.955
            ]
          ]
        ]
      }
    },
    {
      "type": "Feature",
      "properties": {
        "fid": 70,
        "road_id": "R068",
        "name": null,
        "road_type": null
      },
      "geometry": {
        "type": "Polygon",
        "coordinates": [
          [
            [
              74.62094322625389,
              42.86519923831002,
              738.955
            ],
            [
              74.62097614044977,
              42.86511357190137,
              737.544
            ],
            [
              74.62161094390989,
              42.865120436904895,
              738.216
            ],
            [
              74.62188301505019,
              42.86512133574234,
              739.093
            ],
            [
              74.62192836024144,
              42.865121485485716,
              739.093
            ],
            [
              74.62199325538164,
              42.865102638563286,
              739.093
            ],
            [
              74.62226547171966,
              42.86507971047811,
              738.855
            ],
            [
              74.62255706343467,
              42.865066376217506,
              739.751
            ],
            [
              74.62267360721869,
              42.86507629095482,
              740.217
            ],
            [
              74.62272528517451,
              42.8651002877458,
              740.217
            ],
            [
              74.62276380429826,
              42.86515759824851,
              739.48
            ],
            [
              74.62266541703625,
              42.865357416576295,
              739.48
            ],
            [
              74.62263875076403,
              42.86548122644745,
              739.248
            ],
            [
              74.62259340530575,
              42.865481076984416,
              739.249
            ],
            [
              74.62262033290006,
              42.86531438029933,
              739.126
            ],
            [
              74.6226531577734,
              42.86524300901016,
              739.48
            ],
            [
              74.62268595355009,
              42.86517640291334,
              739.48
            ],
            [
              74.62268612767305,
              42.865147811695714,
              739.481
            ],
            [
              74.6226410726978,
              42.86510001022289,
              740.217
            ],
            [
              74.62244020025639,
              42.865108878593276,
              739.751
            ],
            [
              74.62210329219056,
              42.86511729769648,
              738.855
            ],
            [
              74.62199950067823,
              42.86514078157082,
              738.329
            ],
            [
              74.62194753219957,
              42.865164436478906,
              738.329
            ],
            [
              74.62175325371734,
              42.86515426422226,
              738.17
            ],
            [
              74.62150052876402,
              42.86516772492899,
              738.113
            ],
            [
              74.6213385815411,
              42.865167189443106,
              738.113
            ],
            [
              74.62111182629485,
              42.86517120458015,
              737.761
            ],
            [
              74.621021164997,
              42.86516613922636,
              737.761
            ],
            [
              74.62094322625389,
              42.86519923831002,
              738.955
            ]
          ]
        ]
      }
    },
    {
      "type": "Feature",
      "properties": {
        "fid": 71,
        "road_id": "R069",
        "name": null,
        "road_type": null
      },
      "geometry": {
        "type": "Polygon",
        "coordinates": [
          [
            [
              74.62083908794403,
              42.86633779971202,
              739.614
            ],
            [
              74.62084588675019,
              42.866285403953945,
              739.614
            ],
            [
              74.62251753175421,
              42.866238509237895,
              736.811
            ],
            [
              74.62253658832914,
              42.86630052093459,
              737.599
            ],
            [
              74.62083908794403,
              42.86633779971202,
              739.614
            ]
          ]
        ]
      }
    },
    {
      "type": "Feature",
      "properties": {
        "fid": 72,
        "road_id": "R070",
        "name": null,
        "road_type": null
      },
      "geometry": {
        "type": "Polygon",
        "coordinates": [
          [
            [
              74.62251753175421,
              42.866238509237895,
              736.811
            ],
            [
              74.62253179426027,
              42.86602411786061,
              736.812
            ],
            [
              74.62260299397768,
              42.86603388316811,
              736.812
            ],
            [
              74.62258878977362,
              42.866238744150856,
              736.811
            ],
            [
              74.62251753175421,
              42.866238509237895,
              736.811
            ]
          ]
        ]
      }
    },
    {
      "type": "Feature",
      "properties": {
        "fid": 73,
        "road_id": "R071",
        "name": null,
        "road_type": null
      },
      "geometry": {
        "type": "Polygon",
        "coordinates": [
          [
            [
              74.62252557758423,
              42.86598120968424,
              736.812
            ],
            [
              74.62254681148981,
              42.865685831211415,
              739.248
            ],
            [
              74.6225542474607,
              42.86552860088476,
              739.248
            ],
            [
              74.62261899771028,
              42.86553357962282,
              739.248
            ],
            [
              74.62261124260824,
              42.865743227180985,
              745.837
            ],
            [
              74.62261042985405,
              42.86587665284697,
              745.837
            ],
            [
              74.62259035733287,
              42.86598142323774,
              736.812
            ],
            [
              74.62252557758423,
              42.86598120968424,
              736.812
            ]
          ]
        ]
      }
    },
    {
      "type": "Feature",
      "properties": {
        "fid": 74,
        "road_id": "R072",
        "name": null,
        "road_type": null
      },
      "geometry": {
        "type": "Polygon",
        "coordinates": [
          [
            [
              74.62261899771028,
              42.86553357962282,
              739.248
            ],
            [
              74.62263875076403,
              42.86548122644745,
              739.248
            ],
            [
              74.62283337854099,
              42.865434214772215,
              737.567
            ],
            [
              74.62294088046097,
              42.865333306263416,
              739.665
            ],
            [
              74.62302225298232,
              42.86526805136126,
              739.665
            ],
            [
              74.62303500582722,
              42.865301450439325,
              739.665
            ],
            [
              74.6229844975946,
              42.86535131976678,
              739.665
            ],
            [
              74.62295019856701,
              42.865398859803214,
              739.665
            ],
            [
              74.6228395663691,
              42.86548188813936,
              737.566
            ],
            [
              74.62271625368813,
              42.86551960424943,
              737.566
            ],
            [
              74.62261899771028,
              42.86553357962282,
              739.248
            ]
          ]
        ]
      }
    },
    {
      "type": "Feature",
      "properties": {
        "fid": 75,
        "road_id": "R073",
        "name": null,
        "road_type": null
      },
      "geometry": {
        "type": "Polygon",
        "coordinates": [
          [
            [
              74.62302225298232,
              42.86526805136126,
              739.665
            ],
            [
              74.62299206289518,
              42.86517264598417,
              739.666
            ],
            [
              74.62300530863583,
              42.865125036613115,
              740.789
            ],
            [
              74.62305730567273,
              42.86509661601986,
              740.789
            ],
            [
              74.62311560661763,
              42.86509680794574,
              740.789
            ],
            [
              74.62328379977701,
              42.86513548385796,
              741.146
            ],
            [
              74.62353617677822,
              42.86517920165389,
              740.484
            ],
            [
              74.62379506097105,
              42.865218174976285,
              739.904
            ],
            [
              74.62395032801365,
              42.86525204213705,
              739.903
            ],
            [
              74.62405368525484,
              42.86530003454661,
              739.776
            ],
            [
              74.6240856699966,
              42.865366853744185,
              739.776
            ],
            [
              74.62407849815762,
              42.86548119735894,
              739.357
            ],
            [
              74.62403335511215,
              42.865447692042125,
              739.357
            ],
            [
              74.62400160174197,
              42.865342751202995,
              739.903
            ],
            [
              74.6239371408194,
              42.86529012121201,
              739.903
            ],
            [
              74.62367177833525,
              42.86525112691803,
              740.484
            ],
            [
              74.62338056254336,
              42.86520251637236,
              740.12
            ],
            [
              74.62317989274402,
              42.86517802961683,
              739.666
            ],
            [
              74.6230763044645,
              42.86516815804613,
              739.666
            ],
            [
              74.6230437700485,
              42.86519187742866,
              739.666
            ],
            [
              74.62306285582787,
              42.86524912384684,
              739.665
            ],
            [
              74.62302225298232,
              42.86526805136126,
              739.665
            ]
          ]
        ]
      }
    },
    {
      "type": "Feature",
      "properties": {
        "fid": 76,
        "road_id": "R074",
        "name": null,
        "road_type": null
      },
      "geometry": {
        "type": "Polygon",
        "coordinates": [
          [
            [
              74.62308850651591,
              42.8652920959775,
              739.665
            ],
            [
              74.62306285582787,
              42.86524912384684,
              739.665
            ],
            [
              74.62322460044298,
              42.86528301331667,
              740.12
            ],
            [
              74.62341211203653,
              42.86534081380442,
              740.119
            ],
            [
              74.62367108365878,
              42.865365491798606,
              740.484
            ],
            [
              74.62389115907904,
              42.86539480673962,
              739.903
            ],
            [
              74.62403335511215,
              42.865447692042125,
              739.357
            ],
            [
              74.62400058955537,
              42.865509533323376,
              738.896
            ],
            [
              74.62394257745807,
              42.865461689813074,
              738.896
            ],
            [
              74.62385856699258,
              42.865428056760216,
              738.896
            ],
            [
              74.62369670587425,
              42.865413228997234,
              740.483
            ],
            [
              74.62345071883098,
              42.865383828467166,
              740.119
            ],
            [
              74.62339250451289,
              42.86536934110146,
              740.119
            ],
            [
              74.62323726646535,
              42.86533070798186,
              740.119
            ],
            [
              74.62308850651591,
              42.8652920959775,
              739.665
            ]
          ]
        ]
      }
    },
    {
      "type": "Feature",
      "properties": {
        "fid": 77,
        "road_id": "R075",
        "name": null,
        "road_type": null
      },
      "geometry": {
        "type": "Polygon",
        "coordinates": [
          [
            [
              74.61461540558277,
              42.86656719815175,
              738.494
            ],
            [
              74.61454098613656,
              42.865773525616646,
              740.57
            ],
            [
              74.6145160527803,
              42.865616186845536,
              738.103
            ],
            [
              74.61462614796102,
              42.86562132276407,
              737.402
            ],
            [
              74.61468071510008,
              42.86622193391616,
              742.251
            ],
            [
              74.61473201012636,
              42.86656759058173,
              738.494
            ],
            [
              74.61461540558277,
              42.86656719815175,
              738.494
            ]
          ]
        ]
      }
    },
    {
      "type": "Feature",
      "properties": {
        "fid": 78,
        "road_id": "R076",
        "name": null,
        "road_type": null
      },
      "geometry": {
        "type": "Polygon",
        "coordinates": [
          [
            [
              74.61463751216634,
              42.86691871320799,
              737.149
            ],
            [
              74.61462782809159,
              42.86665301531165,
              738.494
            ],
            [
              74.61473804365761,
              42.866639090339845,
              738.494
            ],
            [
              74.61475417663658,
              42.866909575223886,
              737.149
            ],
            [
              74.61463751216634,
              42.86691871320799,
              737.149
            ]
          ]
        ]
      }
    },
    {
      "type": "Feature",
      "properties": {
        "fid": 79,
        "road_id": "R077",
        "name": null,
        "road_type": null
      },
      "geometry": {
        "type": "Polygon",
        "coordinates": [
          [
            [
              74.61468432788533,
              42.86772420586933,
              735.093
            ],
            [
              74.61466312804015,
              42.86696645239051,
              737.149
            ],
            [
              74.61474740224159,
              42.866957205397014,
              737.149
            ],
            [
              74.61478806719677,
              42.8677102590577,
              735.093
            ],
            [
              74.61468432788533,
              42.86772420586933,
              735.093
            ]
          ]
        ]
      }
    },
    {
      "type": "Feature",
      "properties": {
        "fid": 80,
        "road_id": "R078",
        "name": null,
        "road_type": null
      },
      "geometry": {
        "type": "Polygon",
        "coordinates": [
          [
            [
              74.61290760059003,
              42.86695576527818,
              736.099
            ],
            [
              74.61289783460622,
              42.86670436285509,
              735.173
            ],
            [
              74.61297560089368,
              42.86669986045884,
              737.351
            ],
            [
              74.61297563520439,
              42.86695361262832,
              739.388
            ],
            [
              74.61290760059003,
              42.86695576527818,
              736.099
            ]
          ]
        ]
      }
    },
    {
      "type": "Feature",
      "properties": {
        "fid": 81,
        "road_id": "R079",
        "name": null,
        "road_type": null
      },
      "geometry": {
        "type": "Polygon",
        "coordinates": [
          [
            [
              74.61291161057825,
              42.86709158978903,
              737.544
            ],
            [
              74.61290575776323,
              42.86699149877267,
              736.099
            ],
            [
              74.61297053849555,
              42.86699171777302,
              739.388
            ],
            [
              74.61297645095385,
              42.86708227839459,
              739.388
            ],
            [
              74.61291161057825,
              42.86709158978903,
              737.544
            ]
          ]
        ]
      }
    },
    {
      "type": "Feature",
      "properties": {
        "fid": 82,
        "road_id": "R080",
        "name": null,
        "road_type": null
      },
      "geometry": {
        "type": "Polygon",
        "coordinates": [
          [
            [
              74.61295911847976,
              42.867782718356786,
              736.642
            ],
            [
              74.6129372251898,
              42.86713932935128,
              741.703
            ],
            [
              74.61298904989944,
              42.86713950454073,
              741.703
            ],
            [
              74.61301742188381,
              42.86778291543448,
              736.642
            ],
            [
              74.61295911847976,
              42.867782718356786,
              736.642
            ]
          ]
        ]
      }
    },
    {
      "type": "Feature",
      "properties": {
        "fid": 83,
        "road_id": "R081",
        "name": null,
        "road_type": null
      },
      "geometry": {
        "type": "Polygon",
        "coordinates": [
          [
            [
              74.61289828122938,
              42.866632884911475,
              735.174
            ],
            [
              74.61286075228877,
              42.865900093569586,
              736.458
            ],
            [
              74.61293198006719,
              42.86590509968797,
              736.106
            ],
            [
              74.612948704848,
              42.86633879828823,
              737.362
            ],
            [
              74.61297598788936,
              42.866637912907144,
              737.351
            ],
            [
              74.61289828122938,
              42.866632884911475,
              735.174
            ]
          ]
        ]
      }
    },
    {
      "type": "Feature",
      "properties": {
        "fid": 84,
        "road_id": "R082",
        "name": null,
        "road_type": null
      },
      "geometry": {
        "type": "Polygon",
        "coordinates": [
          [
            [
              74.61283829476089,
              42.86534724308967,
              738.292
            ],
            [
              74.61283205508822,
              42.865309099605895,
              738.292
            ],
            [
              74.61287095224725,
              42.865304465834036,
              738.292
            ],
            [
              74.61287716216833,
              42.86534737451316,
              738.292
            ],
            [
              74.61283829476089,
              42.86534724308967,
              738.292
            ]
          ]
        ]
      }
    },
    {
      "type": "Feature",
      "properties": {
        "fid": 85,
        "road_id": "R082",
        "name": null,
        "road_type": null
      },
      "geometry": {
        "type": "Polygon",
        "coordinates": [
          [
            [
              74.61287388686243,
              42.86587154619551,
              736.458
            ],
            [
              74.61284459399637,
              42.86537585617832,
              738.292
            ],
            [
              74.61288674503554,
              42.86536885075493,
              738.292
            ],
            [
              74.61291278437187,
              42.865866912411285,
              736.458
            ],
            [
              74.61287388686243,
              42.86587154619551,
              736.458
            ]
          ]
        ]
      }
    },
    {
      "type": "Feature",
      "properties": {
        "fid": 86,
        "road_id": "R084",
        "name": null,
        "road_type": null
      },
      "geometry": {
        "type": "Polygon",
        "coordinates": [
          [
            [
              74.61282575586509,
              42.86528048651627,
              738.292
            ],
            [
              74.61271565128082,
              42.86398157026557,
              740.109
            ],
            [
              74.61280636967741,
              42.86397711179076,
              740.109
            ],
            [
              74.61284377380835,
              42.86447044671689,
              748.809
            ],
            [
              74.61286058698518,
              42.864889849841795,
              740.804
            ],
            [
              74.61287113090037,
              42.86527587464976,
              738.292
            ],
            [
              74.61282575586509,
              42.86528048651627,
              738.292
            ]
          ]
        ]
      }
    },
    {
      "type": "Feature",
      "properties": {
        "fid": 87,
        "road_id": "R085",
        "name": null,
        "road_type": null
      },
      "geometry": {
        "type": "Polygon",
        "coordinates": [
          [
            [
              74.61447164532346,
              42.865205030369374,
              740.182
            ],
            [
              74.61441069218051,
              42.864590101610226,
              741.162
            ],
            [
              74.61438156549607,
              42.86406582063381,
              743.278
            ],
            [
              74.61436168430099,
              42.86387752435312,
              739.7
            ],
            [
              74.61446377556021,
              42.863867146245944,
              739.7
            ],
            [
              74.61449715725504,
              42.864228230057996,
              743.277
            ],
            [
              74.61452197143984,
              42.86440462966523,
              741.515
            ],
            [
              74.61454536275079,
              42.86480975880532,
              741.161
            ],
            [
              74.61458830658808,
              42.86519589253897,
              739.077
            ],
            [
              74.61447164532346,
              42.865205030369374,
              740.182
            ]
          ]
        ]
      }
    },
    {
      "type": "Feature",
      "properties": {
        "fid": 88,
        "road_id": "R086",
        "name": null,
        "road_type": null
      },
      "geometry": {
        "type": "Polygon",
        "coordinates": [
          [
            [
              74.61451461860663,
              42.865586398905194,
              738.103
            ],
            [
              74.61449087143029,
              42.86523845219375,
              740.182
            ],
            [
              74.6145880397977,
              42.865238779324585,
              739.077
            ],
            [
              74.61461826544763,
              42.865586747822576,
              737.402
            ],
            [
              74.61451461860663,
              42.865586398905194,
              738.103
            ]
          ]
        ]
      }
    },
    {
      "type": "Feature",
      "properties": {
        "fid": 89,
        "road_id": "R087",
        "name": null,
        "road_type": null
      },
      "geometry": {
        "type": "Polygon",
        "coordinates": [
          [
            [
              74.61344397179545,
              42.86259241509491,
              743.083
            ],
            [
              74.61343932292642,
              42.86246150255468,
              743.083
            ],
            [
              74.6134976510509,
              42.862456934168236,
              742.835
            ],
            [
              74.6134927182383,
              42.86259868520262,
              742.834
            ],
            [
              74.61344397179545,
              42.86259241509491,
              743.083
            ]
          ]
        ]
      }
    },
    {
      "type": "Feature",
      "properties": {
        "fid": 90,
        "road_id": "R088",
        "name": null,
        "road_type": null
      },
      "geometry": {
        "type": "Polygon",
        "coordinates": [
          [
            [
              74.61342654610557,
              42.862432867613904,
              743.083
            ],
            [
              74.61342110906554,
              42.862266063738176,
              745.826
            ],
            [
              74.61348588486123,
              42.862266282427704,
              745.876
            ],
            [
              74.61349788884574,
              42.862418812567356,
              742.835
            ],
            [
              74.61342654610557,
              42.862432867613904,
              743.083
            ]
          ]
        ]
      }
    },
    {
      "type": "Feature",
      "properties": {
        "fid": 91,
        "road_id": "R089",
        "name": null,
        "road_type": null
      },
      "geometry": {
        "type": "Polygon",
        "coordinates": [
          [
            [
              74.61341483959983,
              42.86223268546567,
              745.826
            ],
            [
              74.6133640299607,
              42.86207049367555,
              746.245
            ],
            [
              74.61340940260496,
              42.86206588158373,
              746.245
            ],
            [
              74.61347310805843,
              42.86223764749121,
              745.876
            ],
            [
              74.61341483959983,
              42.86223268546567,
              745.826
            ]
          ]
        ]
      }
    },
    {
      "type": "Feature",
      "properties": {
        "fid": 92,
        "road_id": "R090",
        "name": null,
        "road_type": null
      },
      "geometry": {
        "type": "Polygon",
        "coordinates": [
          [
            [
              74.61333829814195,
              42.862041814974845,
              746.246
            ],
            [
              74.61330029523957,
              42.861903492904695,
              746.246
            ],
            [
              74.61335223451204,
              42.86188460711079,
              746.246
            ],
            [
              74.61339662587821,
              42.86203724663801,
              746.246
            ],
            [
              74.61333829814195,
              42.862041814974845,
              746.246
            ]
          ]
        ]
      }
    },
    {
      "type": "Feature",
      "properties": {
        "fid": 93,
        "road_id": "R091",
        "name": null,
        "road_type": null
      },
      "geometry": {
        "type": "Polygon",
        "coordinates": [
          [
            [
              74.61330053315123,
              42.86186537130098,
              746.246
            ],
            [
              74.61328971933192,
              42.86152223310102,
              746.734
            ],
            [
              74.61333506184381,
              42.86152238623744,
              746.734
            ],
            [
              74.6133459056497,
              42.8618607592336,
              746.246
            ],
            [
              74.61330053315123,
              42.86186537130098,
              746.246
            ]
          ]
        ]
      }
    },
    {
      "type": "Feature",
      "properties": {
        "fid": 94,
        "road_id": "R092",
        "name": null,
        "road_type": null
      },
      "geometry": {
        "type": "Polygon",
        "coordinates": [
          [
            [
              74.61328345000938,
              42.86148885481754,
              746.734
            ],
            [
              74.61326547483208,
              42.86125529433842,
              746.735
            ],
            [
              74.61327254711422,
              42.86116001219716,
              747.093
            ],
            [
              74.6133178596241,
              42.86116493054042,
              747.093
            ],
            [
              74.61333639995271,
              42.861307952198054,
              746.735
            ],
            [
              74.61333532946676,
              42.86147949943021,
              746.734
            ],
            [
              74.61328345000938,
              42.86148885481754,
              746.734
            ]
          ]
        ]
      }
    },
    {
      "type": "Feature",
      "properties": {
        "fid": 95,
        "road_id": "R093",
        "name": null,
        "road_type": null
      },
      "geometry": {
        "type": "Polygon",
        "coordinates": [
          [
            [
              74.61327929223637,
              42.86111714726604,
              747.093
            ],
            [
              74.61334519674722,
              42.86093628838534,
              747.527
            ],
            [
              74.61339062802372,
              42.86092214589418,
              747.527
            ],
            [
              74.61333117138274,
              42.86110779187879,
              747.093
            ],
            [
              74.61327929223637,
              42.86111714726604,
              747.093
            ]
          ]
        ]
      }
    },
    {
      "type": "Feature",
      "properties": {
        "fid": 96,
        "road_id": "R094",
        "name": null,
        "road_type": null
      },
      "geometry": {
        "type": "Polygon",
        "coordinates": [
          [
            [
              74.61335203099551,
              42.86087912784398,
              747.527
            ],
            [
              74.61334139542977,
              42.860507398379504,
              753.824
            ],
            [
              74.6133301950128,
              42.86022620772652,
              752.533
            ],
            [
              74.61338192474994,
              42.86024067832122,
              752.533
            ],
            [
              74.61341261705323,
              42.86051240417934,
              753.824
            ],
            [
              74.61343059259018,
              42.86074596466705,
              747.527
            ],
            [
              74.61341041709461,
              42.86086502909217,
              747.527
            ],
            [
              74.61335203099551,
              42.86087912784398,
              747.527
            ]
          ]
        ]
      }
    },
    {
      "type": "Feature",
      "properties": {
        "fid": 97,
        "road_id": "R095",
        "name": null,
        "road_type": null
      },
      "geometry": {
        "type": "Polygon",
        "coordinates": [
          [
            [
              74.61333037342233,
              42.86019761651525,
              752.533
            ],
            [
              74.61330084136237,
              42.859740047737255,
              753.319
            ],
            [
              74.61323045341355,
              42.859601616207016,
              753.32
            ],
            [
              74.6131513667738,
              42.85955965262349,
              752.685
            ],
            [
              74.61324213814743,
              42.85954566336964,
              751.744
            ],
            [
              74.61333376315392,
              42.859654383473895,
              753.32
            ],
            [
              74.61335928586213,
              42.859716418599945,
              753.319
            ],
            [
              74.61338968052178,
              42.860035796508434,
              751.453
            ],
            [
              74.61338861023091,
              42.86020734377992,
              752.533
            ],
            [
              74.61333037342233,
              42.86019761651525,
              752.533
            ]
          ]
        ]
      }
    },
    {
      "type": "Feature",
      "properties": {
        "fid": 98,
        "road_id": "R096",
        "name": null,
        "road_type": null
      },
      "geometry": {
        "type": "Polygon",
        "coordinates": [
          [
            [
              74.61348588486123,
              42.862266282427704,
              745.876
            ],
            [
              74.61347310805843,
              42.86223764749121,
              745.876
            ],
            [
              74.61464572735686,
              42.86221300836025,
              747.93
            ],
            [
              74.61519635084466,
              42.86221009496103,
              746.405
            ],
            [
              74.6155267071808,
              42.86221120477119,
              746.33
            ],
            [
              74.6158570635357,
              42.86221231362821,
              745.897
            ],
            [
              74.6160628446774,
              42.86219394265772,
              744.909
            ],
            [
              74.61606581034316,
              42.86223803163438,
              744.909
            ],
            [
              74.61574673789045,
              42.86224530052594,
              745.897
            ],
            [
              74.61540984463097,
              42.86225369999453,
              746.405
            ],
            [
              74.61491107101112,
              42.86225202352156,
              748.047
            ],
            [
              74.61432805925192,
              42.86225482645452,
              747.958
            ],
            [
              74.61371907773169,
              42.86226706940655,
              745.875
            ],
            [
              74.61348588486123,
              42.862266282427704,
              745.876
            ]
          ]
        ]
      }
    },
    {
      "type": "Feature",
      "properties": {
        "fid": 99,
        "road_id": "R097",
        "name": null,
        "road_type": null
      },
      "geometry": {
        "type": "Polygon",
        "coordinates": [
          [
            [
              74.61308698059817,
              42.85949748612573,
              752.685
            ],
            [
              74.61307702144458,
              42.859277057208054,
              752.657
            ],
            [
              74.61317423993961,
              42.859267855097166,
              752.657
            ],
            [
              74.61320372053653,
              42.85947405404835,
              751.745
            ],
            [
              74.61308698059817,
              42.85949748612573,
              752.685
            ]
          ]
        ]
      }
    },
    {
      "type": "Feature",
      "properties": {
        "fid": 100,
        "road_id": "I101",
        "name": null,
        "road_type": null
      },
      "geometry": {
        "type": "Polygon",
        "coordinates": [
          [
            [
              74.61344190924648,
              42.86266344088884,
              743.43
            ],
            [
              74.61344397179545,
              42.86259241509491,
              743.083
            ],
            [
              74.6134927182383,
              42.86259868520262,
              742.834
            ],
            [
              74.61349230208886,
              42.86266539800187,
              742.824
            ],
            [
              74.61344190924648,
              42.86266344088884,
              743.43
            ]
          ]
        ]
      }
    },
    {
      "type": "Feature",
      "properties": {
        "fid": 101,
        "road_id": "I102",
        "name": null,
        "road_type": null
      },
      "geometry": {
        "type": "Polygon",
        "coordinates": [
          [
            [
              74.61576423370029,
              42.86294943237841,
              741.5
            ],
            [
              74.61579703563673,
              42.8628828282523,
              744.494
            ],
            [
              74.61585527536238,
              42.86289255426912,
              744.494
            ],
            [
              74.61583545833597,
              42.86295443668071,
              741.5
            ],
            [
              74.61576423370029,
              42.86294943237841,
              741.5
            ]
          ]
        ]
      }
    },
    {
      "type": "Feature",
      "properties": {
        "fid": 102,
        "road_id": "I103",
        "name": null,
        "road_type": null
      },
      "geometry": {
        "type": "Polygon",
        "coordinates": [
          [
            [
              74.61707778377617,
              42.863182567419344,
              740.335
            ],
            [
              74.6171040478619,
              42.86312547165515,
              741.395
            ],
            [
              74.61719470583236,
              42.86313054009964,
              741.395
            ],
            [
              74.61716190526242,
              42.863197144628636,
              742.069
            ],
            [
              74.61707778377617,
              42.863182567419344,
              740.335
            ]
          ]
        ]
      }
    },
    {
      "type": "Feature",
      "properties": {
        "fid": 103,
        "road_id": "I104",
        "name": null,
        "road_type": null
      },
      "geometry": {
        "type": "Polygon",
        "coordinates": [
          [
            [
              74.61980768033949,
              42.86379209266098,
              741.253
            ],
            [
              74.61985343386417,
              42.86372553038684,
              742.33
            ],
            [
              74.61991818200248,
              42.86373051064578,
              743.226
            ],
            [
              74.61989174484084,
              42.86381619827374,
              740.62
            ],
            [
              74.61980768033949,
              42.86379209266098,
              741.253
            ]
          ]
        ]
      }
    },
    {
      "type": "Feature",
      "properties": {
        "fid": 104,
        "road_id": "I105",
        "name": null,
        "road_type": null
      },
      "geometry": {
        "type": "Polygon",
        "coordinates": [
          [
            [
              74.62324243734398,
              42.86461354753437,
              740.942
            ],
            [
              74.62326380902954,
              42.8645611995686,
              741.056
            ],
            [
              74.62331688064108,
              42.86455571539216,
              741.056
            ],
            [
              74.62329053473455,
              42.86462710819807,
              740.942
            ],
            [
              74.62324243734398,
              42.86461354753437,
              740.942
            ]
          ]
        ]
      }
    },
    {
      "type": "Feature",
      "properties": {
        "fid": 105,
        "road_id": "I106",
        "name": null,
        "road_type": null
      },
      "geometry": {
        "type": "Polygon",
        "coordinates": [
          [
            [
              74.62418314624455,
              42.86484924534192,
              743.36
            ],
            [
              74.62420943341434,
              42.864787382738,
              743.36
            ],
            [
              74.6242547205744,
              42.86479706196731,
              743.36
            ],
            [
              74.62422843344557,
              42.86485892458169,
              743.36
            ],
            [
              74.62418314624455,
              42.86484924534192,
              743.36
            ]
          ]
        ]
      }
    },
    {
      "type": "Feature",
      "properties": {
        "fid": 106,
        "road_id": "I107",
        "name": null,
        "road_type": null
      },
      "geometry": {
        "type": "Polygon",
        "coordinates": [
          [
            [
              74.6248558913241,
              42.865008706449515,
              741.642
            ],
            [
              74.62489516247928,
              42.86494212093236,
              741.627
            ],
            [
              74.62492743642755,
              42.86496128785867,
              741.627
            ],
            [
              74.62490765662442,
              42.865018406645966,
              741.627
            ],
            [
              74.6248558913241,
              42.865008706449515,
              741.642
            ]
          ]
        ]
      }
    },
    {
      "type": "Feature",
      "properties": {
        "fid": 107,
        "road_id": "I108",
        "name": null,
        "road_type": null
      },
      "geometry": {
        "type": "Polygon",
        "coordinates": [
          [
            [
              74.61641185012355,
              42.866572337373604,
              732.615
            ],
            [
              74.61640997038528,
              42.866483577416005,
              734.035
            ],
            [
              74.61652009677316,
              42.866483946320784,
              734.035
            ],
            [
              74.61650902060494,
              42.86657266288227,
              732.615
            ],
            [
              74.61641185012355,
              42.866572337373604,
              732.615
            ]
          ]
        ]
      }
    },
    {
      "type": "Feature",
      "properties": {
        "fid": 108,
        "road_id": "I109",
        "name": null,
        "road_type": null
      },
      "geometry": {
        "type": "Polygon",
        "coordinates": [
          [
            [
              74.61664149832013,
              42.86655970413454,
              732.532
            ],
            [
              74.6166302231631,
              42.86648431511965,
              734.66
            ],
            [
              74.61672902038468,
              42.866483454564154,
              734.66
            ],
            [
              74.61673863930494,
              42.8665647946467,
              732.532
            ],
            [
              74.61664149832013,
              42.86655970413454,
              732.532
            ]
          ]
        ]
      }
    },
    {
      "type": "Feature",
      "properties": {
        "fid": 109,
        "road_id": "R099",
        "name": null,
        "road_type": null
      },
      "geometry": {
        "type": "Polygon",
        "coordinates": [
          [
            [
              74.61650902060494,
              42.86657266288227,
              732.615
            ],
            [
              74.61652009677316,
              42.866483946320784,
              734.035
            ],
            [
              74.6166302231631,
              42.86648431511965,
              734.66
            ],
            [
              74.61664149832013,
              42.86655970413454,
              732.532
            ],
            [
              74.61650902060494,
              42.86657266288227,
              732.615
            ]
          ]
        ]
      }
    },
    {
      "type": "Feature",
      "properties": {
        "fid": 110,
        "road_id": "I110",
        "name": null,
        "road_type": null
      },
      "geometry": {
        "type": "Polygon",
        "coordinates": [
          [
            [
              74.61642451961293,
              42.86622630010425,
              737.451
            ],
            [
              74.61643205970064,
              42.86605477465471,
              737.452
            ],
            [
              74.61652925886543,
              42.86605033494428,
              734.783
            ],
            [
              74.6165216895517,
              42.866226625600056,
              737.451
            ],
            [
              74.61642451961293,
              42.86622630010425,
              737.451
            ]
          ]
        ]
      }
    },
    {
      "type": "Feature",
      "properties": {
        "fid": 111,
        "road_id": "I111",
        "name": null,
        "road_type": null
      },
      "geometry": {
        "type": "Polygon",
        "coordinates": [
          [
            [
              74.61661859409772,
              42.86626983780147,
              734.661
            ],
            [
              74.61661980311185,
              42.866074464653146,
              734.783
            ],
            [
              74.61672345079495,
              42.86607481166797,
              734.783
            ],
            [
              74.61672227158799,
              42.866265419619964,
              734.661
            ],
            [
              74.61661859409772,
              42.86626983780147,
              734.661
            ]
          ]
        ]
      }
    },
    {
      "type": "Feature",
      "properties": {
        "fid": 112,
        "road_id": "I112",
        "name": null,
        "road_type": null
      },
      "geometry": {
        "type": "Polygon",
        "coordinates": [
          [
            [
              74.6164429333855,
              42.86534478170029,
              736.036
            ],
            [
              74.61643689800127,
              42.86527328200863,
              736.036
            ],
            [
              74.61654054434183,
              42.86527362918386,
              735.661
            ],
            [
              74.61652717562869,
              42.86534029858387,
              736.036
            ],
            [
              74.6164429333855,
              42.86534478170029,
              736.036
            ]
          ]
        ]
      }
    },
    {
      "type": "Feature",
      "properties": {
        "fid": 113,
        "road_id": "I113",
        "name": null,
        "road_type": null
      },
      "geometry": {
        "type": "Polygon",
        "coordinates": [
          [
            [
              74.61661804319988,
              42.86531201109952,
              730.717
            ],
            [
              74.61660558869994,
              42.86523095932524,
              730.718
            ],
            [
              74.616709264452,
              42.8652265411479,
              730.717
            ],
            [
              74.616708704326,
              42.86531707993922,
              730.717
            ],
            [
              74.61661804319988,
              42.86531201109952,
              730.717
            ]
          ]
        ]
      }
    },
    {
      "type": "Feature",
      "properties": {
        "fid": 114,
        "road_id": "I114",
        "name": null,
        "road_type": null
      },
      "geometry": {
        "type": "Polygon",
        "coordinates": [
          [
            [
              74.61635233972468,
              42.86009788250085,
              749.816
            ],
            [
              74.61632036601712,
              42.860031061124424,
              749.816
            ],
            [
              74.6164305104323,
              42.86002666486726,
              749.816
            ],
            [
              74.61643006798658,
              42.86009814292337,
              749.816
            ],
            [
              74.61635233972468,
              42.86009788250085,
              749.816
            ]
          ]
        ]
      }
    },
    {
      "type": "Feature",
      "properties": {
        "fid": 115,
        "road_id": "I115",
        "name": null,
        "road_type": null
      },
      "geometry": {
        "type": "Polygon",
        "coordinates": [
          [
            [
              74.61632234282268,
              42.859711792467316,
              749.989
            ],
            [
              74.61630980126696,
              42.85964503619945,
              749.989
            ],
            [
              74.61641352668354,
              42.859631087841066,
              749.989
            ],
            [
              74.61642600935572,
              42.85970737450623,
              749.989
            ],
            [
              74.61632234282268,
              42.859711792467316,
              749.989
            ]
          ]
        ]
      }
    },
    {
      "type": "Feature",
      "properties": {
        "fid": 116,
        "road_id": "I116",
        "name": null,
        "road_type": null
      },
      "geometry": {
        "type": "Polygon",
        "coordinates": [
          [
            [
              74.61630456319286,
              42.85944487592077,
              752.936
            ],
            [
              74.61629409564982,
              42.85937008514952,
              752.936
            ],
            [
              74.61637830027738,
              42.85937036731054,
              752.936
            ],
            [
              74.61639530420594,
              42.85943564936756,
              752.936
            ],
            [
              74.61630456319286,
              42.85944487592077,
              752.936
            ]
          ]
        ]
      }
    },
    {
      "type": "Feature",
      "properties": {
        "fid": 117,
        "road_id": "I117",
        "name": null,
        "road_type": null
      },
      "geometry": {
        "type": "Polygon",
        "coordinates": [
          [
            [
              74.61666746813115,
              42.85941749968458,
              754.939
            ],
            [
              74.61672165502576,
              42.85936198660946,
              754.939
            ],
            [
              74.61681557556439,
              42.85936230097277,
              753.493
            ],
            [
              74.61682181711846,
              42.859400444286365,
              753.492
            ],
            [
              74.61679893299114,
              42.859434916146306,
              754.938
            ],
            [
              74.61677078051481,
              42.859470263862136,
              754.938
            ],
            [
              74.61666746813115,
              42.85941749968458,
              754.939
            ]
          ]
        ]
      }
    },
    {
      "type": "Feature",
      "properties": {
        "fid": 118,
        "road_id": "I118",
        "name": null,
        "road_type": null
      },
      "geometry": {
        "type": "Polygon",
        "coordinates": [
          [
            [
              74.6165426305026,
              42.85970299983825,
              752.269
            ],
            [
              74.61653656601808,
              42.85963626528717,
              752.27
            ],
            [
              74.6166530101512,
              42.85966048173124,
              752.269
            ],
            [
              74.6166460906507,
              42.85973193810664,
              752.269
            ],
            [
              74.6165426305026,
              42.85970299983825,
              752.269
            ]
          ]
        ]
      }
    },
    {
      "type": "Feature",
      "properties": {
        "fid": 119,
        "road_id": "I119",
        "name": null,
        "road_type": null
      },
      "geometry": {
        "type": "Polygon",
        "coordinates": [
          [
            [
              74.61652725780436,
              42.86009370317352,
              749.816
            ],
            [
              74.61653426595026,
              42.86000795119901,
              749.196
            ],
            [
              74.61662491931155,
              42.86001302007944,
              749.196
            ],
            [
              74.61663089548226,
              42.86009405023348,
              749.196
            ],
            [
              74.61652725780436,
              42.86009370317352,
              749.816
            ]
          ]
        ]
      }
    },
    {
      "type": "Feature",
      "properties": {
        "fid": 120,
        "road_id": "I120",
        "name": null,
        "road_type": null
      },
      "geometry": {
        "type": "Polygon",
        "coordinates": [
          [
            [
              74.615967350808,
              42.86532085016891,
              740.005
            ],
            [
              74.61593225407495,
              42.865234957075664,
              740.005
            ],
            [
              74.61604226011097,
              42.86525438722811,
              739.068
            ],
            [
              74.61608371679662,
              42.86535936280605,
              739.067
            ],
            [
              74.615967350808,
              42.86532085016891,
              740.005
            ]
          ]
        ]
      }
    },
    {
      "type": "Feature",
      "properties": {
        "fid": 121,
        "road_id": "I121",
        "name": null,
        "road_type": null
      },
      "geometry": {
        "type": "Polygon",
        "coordinates": [
          [
            [
              74.6158894415271,
              42.863781397309914,
              741.396
            ],
            [
              74.61588331829446,
              42.86372419317377,
              741.939
            ],
            [
              74.61598057290719,
              42.863710223512385,
              741.434
            ],
            [
              74.6159866076254,
              42.86378172324499,
              742.174
            ],
            [
              74.6158894415271,
              42.863781397309914,
              741.396
            ]
          ]
        ]
      }
    },
    {
      "type": "Feature",
      "properties": {
        "fid": 122,
        "road_id": "I122",
        "name": null,
        "road_type": null
      },
      "geometry": {
        "type": "Polygon",
        "coordinates": [
          [
            [
              74.61704126861314,
              42.86555318154235,
              736.331
            ],
            [
              74.61705440118925,
              42.865524633679165,
              736.331
            ],
            [
              74.61715151114161,
              42.86553448903531,
              736.865
            ],
            [
              74.61714476819381,
              42.86557735416999,
              736.865
            ],
            [
              74.61704126861314,
              42.86555318154235,
              736.331
            ]
          ]
        ]
      }
    },
    {
      "type": "Feature",
      "properties": {
        "fid": 123,
        "road_id": "I123",
        "name": null,
        "road_type": null
      },
      "geometry": {
        "type": "Polygon",
        "coordinates": [
          [
            [
              74.61708104917938,
              42.86540559035273,
              734.573
            ],
            [
              74.61709762681285,
              42.865343696918316,
              740.665
            ],
            [
              74.61721745331911,
              42.86534648024003,
              740.665
            ],
            [
              74.61719762212755,
              42.865410745462924,
              740.664
            ],
            [
              74.61708104917938,
              42.86540559035273,
              734.573
            ]
          ]
        ]
      }
    },
    {
      "type": "Feature",
      "properties": {
        "fid": 124,
        "road_id": "I124",
        "name": null,
        "road_type": null
      },
      "geometry": {
        "type": "Polygon",
        "coordinates": [
          [
            [
              74.61606581034316,
              42.86223803163438,
              744.909
            ],
            [
              74.6160628446774,
              42.86219394265772,
              744.909
            ],
            [
              74.61613409799189,
              42.862194181569855,
              744.909
            ],
            [
              74.61611601895835,
              42.86223700866186,
              744.909
            ],
            [
              74.61606581034316,
              42.86223803163438,
              744.909
            ]
          ]
        ]
      }
    },
    {
      "type": "Feature",
      "properties": {
        "fid": 125,
        "road_id": "I125",
        "name": null,
        "road_type": null
      },
      "geometry": {
        "type": "Polygon",
        "coordinates": [
          [
            [
              74.6160747254509,
              42.86132193239046,
              747.414
            ],
            [
              74.61607493212588,
              42.861288575972964,
              747.414
            ],
            [
              74.6161527209168,
              42.861279306184464,
              747.414
            ],
            [
              74.61613299327635,
              42.861326893060635,
              747.414
            ],
            [
              74.6160747254509,
              42.86132193239046,
              747.414
            ]
          ]
        ]
      }
    },
    {
      "type": "Feature",
      "properties": {
        "fid": 126,
        "road_id": "I126",
        "name": null,
        "road_type": null
      },
      "geometry": {
        "type": "Polygon",
        "coordinates": [
          [
            [
              74.61588828788302,
              42.86004897143939,
              749.998
            ],
            [
              74.61592104382525,
              42.85998951504272,
              749.998
            ],
            [
              74.61598575819923,
              42.85999926271579,
              749.506
            ],
            [
              74.61599847665204,
              42.86003742779289,
              749.506
            ],
            [
              74.61595288418137,
              42.86007777994497,
              749.998
            ],
            [
              74.61588828788302,
              42.86004897143939,
              749.998
            ]
          ]
        ]
      }
    },
    {
      "type": "Feature",
      "properties": {
        "fid": 127,
        "road_id": "I127",
        "name": null,
        "road_type": null
      },
      "geometry": {
        "type": "Polygon",
        "coordinates": [
          [
            [
              74.61608957284766,
              42.8599710190436,
              749.506
            ],
            [
              74.61614145061812,
              42.85996166237567,
              749.506
            ],
            [
              74.6161734536132,
              42.86002371859833,
              749.506
            ],
            [
              74.6161411259143,
              42.8600140796157,
              749.506
            ],
            [
              74.61608957284766,
              42.8599710190436,
              749.506
            ]
          ]
        ]
      }
    },
    {
      "type": "Feature",
      "properties": {
        "fid": 128,
        "road_id": "I128",
        "name": null,
        "road_type": null
      },
      "geometry": {
        "type": "Polygon",
        "coordinates": [
          [
            [
              74.61618193800415,
              42.85969970645614,
              749.877
            ],
            [
              74.61622091993287,
              42.85968077591515,
              749.877
            ],
            [
              74.61625960674678,
              42.8597094974003,
              749.989
            ],
            [
              74.61623999773953,
              42.85973802349465,
              749.877
            ],
            [
              74.61618193800415,
              42.85969970645614,
              749.877
            ]
          ]
        ]
      }
    },
    {
      "type": "Feature",
      "properties": {
        "fid": 129,
        "road_id": "I129",
        "name": null,
        "road_type": null
      },
      "geometry": {
        "type": "Polygon",
        "coordinates": [
          [
            [
              74.61596026227535,
              42.85993246296398,
              749.999
            ],
            [
              74.61599303285116,
              42.85987062394318,
              749.506
            ],
            [
              74.61604467434505,
              42.859899388947944,
              749.506
            ],
            [
              74.61601861736918,
              42.8599231280776,
              749.506
            ],
            [
              74.61596026227535,
              42.85993246296398,
              749.999
            ]
          ]
        ]
      }
    },
    {
      "type": "Feature",
      "properties": {
        "fid": 130,
        "road_id": "I130",
        "name": null,
        "road_type": null
      },
      "geometry": {
        "type": "Polygon",
        "coordinates": [
          [
            [
              74.6167774088241,
              42.859773180615434,
              752.269
            ],
            [
              74.6168100606335,
              42.85973040217245,
              751.649
            ],
            [
              74.61687453918545,
              42.85977827097688,
              751.649
            ],
            [
              74.61681609595469,
              42.859801901913315,
              751.649
            ],
            [
              74.6167774088241,
              42.859773180615434,
              752.269
            ]
          ]
        ]
      }
    },
    {
      "type": "Feature",
      "properties": {
        "fid": 131,
        "road_id": "I131",
        "name": null,
        "road_type": null
      },
      "geometry": {
        "type": "Polygon",
        "coordinates": [
          [
            [
              74.6169446409221,
              42.859964352336384,
              750.755
            ],
            [
              74.61701577387515,
              42.859983651506404,
              750.754
            ],
            [
              74.61697658581588,
              42.86003593874581,
              750.754
            ],
            [
              74.61692491431474,
              42.860011939363964,
              750.754
            ],
            [
              74.6169446409221,
              42.859964352336384,
              750.755
            ]
          ]
        ]
      }
    },
    {
      "type": "Feature",
      "properties": {
        "fid": 132,
        "road_id": "I132",
        "name": null,
        "road_type": null
      },
      "geometry": {
        "type": "Polygon",
        "coordinates": [
          [
            [
              74.61698859290367,
              42.862285201298114,
              741.946
            ],
            [
              74.61697587338881,
              42.862247036341856,
              741.946
            ],
            [
              74.61704050193309,
              42.86227107903141,
              741.946
            ],
            [
              74.61704677335712,
              42.86230445711282,
              741.946
            ],
            [
              74.61698859290367,
              42.862285201298114,
              741.946
            ]
          ]
        ]
      }
    },
    {
      "type": "Feature",
      "properties": {
        "fid": 133,
        "road_id": "I133",
        "name": null,
        "road_type": null
      },
      "geometry": {
        "type": "Polygon",
        "coordinates": [
          [
            [
              74.61289783460622,
              42.86670436285509,
              735.173
            ],
            [
              74.61289828122938,
              42.866632884911475,
              735.174
            ],
            [
              74.61297598788936,
              42.866637912907144,
              737.351
            ],
            [
              74.61297560089368,
              42.86669986045884,
              737.351
            ],
            [
              74.61289783460622,
              42.86670436285509,
              735.173
            ]
          ]
        ]
      }
    },
    {
      "type": "Feature",
      "properties": {
        "fid": 134,
        "road_id": "I134",
        "name": null,
        "road_type": null
      },
      "geometry": {
        "type": "Polygon",
        "coordinates": [
          [
            [
              74.61462782809159,
              42.86665301531165,
              738.494
            ],
            [
              74.61461540558277,
              42.86656719815175,
              738.494
            ],
            [
              74.61473201012636,
              42.86656759058173,
              738.494
            ],
            [
              74.61473804365761,
              42.866639090339845,
              738.494
            ],
            [
              74.61462782809159,
              42.86665301531165,
              738.494
            ]
          ]
        ]
      }
    },
    {
      "type": "Feature",
      "properties": {
        "fid": 135,
        "road_id": "I135",
        "name": null,
        "road_type": null
      },
      "geometry": {
        "type": "Polygon",
        "coordinates": [
          [
            [
              74.61286075228877,
              42.865900093569586,
              736.458
            ],
            [
              74.61287388686243,
              42.86587154619551,
              736.458
            ],
            [
              74.61291278437187,
              42.865866912411285,
              736.458
            ],
            [
              74.61293198006719,
              42.86590509968797,
              736.106
            ],
            [
              74.61286075228877,
              42.865900093569586,
              736.458
            ]
          ]
        ]
      }
    },
    {
      "type": "Feature",
      "properties": {
        "fid": 136,
        "road_id": "I136",
        "name": null,
        "road_type": null
      },
      "geometry": {
        "type": "Polygon",
        "coordinates": [
          [
            [
              74.61284459399637,
              42.86537585617832,
              738.292
            ],
            [
              74.61283829476089,
              42.86534724308967,
              738.292
            ],
            [
              74.61287716216833,
              42.86534737451316,
              738.292
            ],
            [
              74.61288674503554,
              42.86536885075493,
              738.292
            ],
            [
              74.61284459399637,
              42.86537585617832,
              738.292
            ]
          ]
        ]
      }
    },
    {
      "type": "Feature",
      "properties": {
        "fid": 137,
        "road_id": "I137",
        "name": null,
        "road_type": null
      },
      "geometry": {
        "type": "Polygon",
        "coordinates": [
          [
            [
              74.61283205508822,
              42.865309099605895,
              738.292
            ],
            [
              74.61282575586509,
              42.86528048651627,
              738.292
            ],
            [
              74.61287113090037,
              42.86527587464976,
              738.292
            ],
            [
              74.61287095224725,
              42.865304465834036,
              738.292
            ],
            [
              74.61283205508822,
              42.865309099605895,
              738.292
            ]
          ]
        ]
      }
    },
    {
      "type": "Feature",
      "properties": {
        "fid": 138,
        "road_id": "I138",
        "name": null,
        "road_type": null
      },
      "geometry": {
        "type": "Polygon",
        "coordinates": [
          [
            [
              74.61163347743768,
              42.864039853522954,
              740.115
            ],
            [
              74.61163395534714,
              42.86396361035887,
              740.576
            ],
            [
              74.61168583712302,
              42.863954255732196,
              740.576
            ],
            [
              74.61169180717532,
              42.86403528606417,
              740.115
            ],
            [
              74.61163347743768,
              42.864039853522954,
              740.115
            ]
          ]
        ]
      }
    },
    {
      "type": "Feature",
      "properties": {
        "fid": 139,
        "road_id": "I139",
        "name": null,
        "road_type": null
      },
      "geometry": {
        "type": "Polygon",
        "coordinates": [
          [
            [
              74.61271565128082,
              42.86398157026557,
              740.109
            ],
            [
              74.61272257582252,
              42.86391011420055,
              740.109
            ],
            [
              74.61280033861306,
              42.86390561190736,
              740.109
            ],
            [
              74.61280636967741,
              42.86397711179076,
              740.109
            ],
            [
              74.61271565128082,
              42.86398157026557,
              740.109
            ]
          ]
        ]
      }
    },
    {
      "type": "Feature",
      "properties": {
        "fid": 140,
        "road_id": "I140",
        "name": null,
        "road_type": null
      },
      "geometry": {
        "type": "Polygon",
        "coordinates": [
          [
            [
              74.61436168430099,
              42.86387752435312,
              739.7
            ],
            [
              74.61435403201473,
              42.86380601908875,
              739.7
            ],
            [
              74.61445774259234,
              42.86379564644102,
              739.7
            ],
            [
              74.61446377556021,
              42.863867146245944,
              739.7
            ],
            [
              74.61436168430099,
              42.86387752435312,
              739.7
            ]
          ]
        ]
      }
    },
    {
      "type": "Feature",
      "properties": {
        "fid": 141,
        "road_id": "I141",
        "name": null,
        "road_type": null
      },
      "geometry": {
        "type": "Polygon",
        "coordinates": [
          [
            [
              74.61449087143029,
              42.86523845219375,
              740.182
            ],
            [
              74.61447164532346,
              42.865205030369374,
              740.182
            ],
            [
              74.61458830658808,
              42.86519589253897,
              739.077
            ],
            [
              74.6145880397977,
              42.865238779324585,
              739.077
            ],
            [
              74.61449087143029,
              42.86523845219375,
              740.182
            ]
          ]
        ]
      }
    },
    {
      "type": "Feature",
      "properties": {
        "fid": 142,
        "road_id": "I142",
        "name": null,
        "road_type": null
      },
      "geometry": {
        "type": "Polygon",
        "coordinates": [
          [
            [
              74.6145160527803,
              42.865616186845536,
              738.103
            ],
            [
              74.61451461860663,
              42.865586398905194,
              738.103
            ],
            [
              74.61461826544763,
              42.865586747822576,
              737.402
            ],
            [
              74.61462614796102,
              42.86562132276407,
              737.402
            ],
            [
              74.6145160527803,
              42.865616186845536,
              738.103
            ]
          ]
        ]
      }
    },
    {
      "type": "Feature",
      "properties": {
        "fid": 143,
        "road_id": "I143",
        "name": null,
        "road_type": null
      },
      "geometry": {
        "type": "Polygon",
        "coordinates": [
          [
            [
              74.6129372251898,
              42.86713932935128,
              741.703
            ],
            [
              74.61291161057825,
              42.86709158978903,
              737.544
            ],
            [
              74.61297645095385,
              42.86708227839459,
              739.388
            ],
            [
              74.61298904989944,
              42.86713950454073,
              741.703
            ],
            [
              74.6129372251898,
              42.86713932935128,
              741.703
            ]
          ]
        ]
      }
    },
    {
      "type": "Feature",
      "properties": {
        "fid": 144,
        "road_id": "I144",
        "name": null,
        "road_type": null
      },
      "geometry": {
        "type": "Polygon",
        "coordinates": [
          [
            [
              74.61290575776323,
              42.86699149877266,
              736.099
            ],
            [
              74.61290760059003,
              42.86695576527817,
              736.099
            ],
            [
              74.61297563520439,
              42.866953612628315,
              739.388
            ],
            [
              74.61297053849555,
              42.86699171777301,
              739.388
            ],
            [
              74.61290575776323,
              42.86699149877266,
              736.099
            ]
          ]
        ]
      }
    },
    {
      "type": "Feature",
      "properties": {
        "fid": 145,
        "road_id": "I145",
        "name": null,
        "road_type": null
      },
      "geometry": {
        "type": "Polygon",
        "coordinates": [
          [
            [
              74.61466312804015,
              42.8669664523905,
              737.149
            ],
            [
              74.61463751216634,
              42.86691871320799,
              737.149
            ],
            [
              74.61475417663658,
              42.866909575223886,
              737.149
            ],
            [
              74.61474740224159,
              42.86695720539701,
              737.149
            ],
            [
              74.61466312804015,
              42.8669664523905,
              737.149
            ]
          ]
        ]
      }
    },
    {
      "type": "Feature",
      "properties": {
        "fid": 146,
        "road_id": "I146",
        "name": null,
        "road_type": null
      },
      "geometry": {
        "type": "Polygon",
        "coordinates": [
          [
            [
              74.61864243233812,
              42.85932551262825,
              751.1
            ],
            [
              74.61864269626747,
              42.85928262577782,
              756.057
            ],
            [
              74.61868153057492,
              42.859287520421915,
              756.057
            ],
            [
              74.61868780259312,
              42.859320898433126,
              751.1
            ],
            [
              74.61864243233812,
              42.85932551262825,
              751.1
            ]
          ]
        ]
      }
    },
    {
      "type": "Feature",
      "properties": {
        "fid": 147,
        "road_id": "I147",
        "name": null,
        "road_type": null
      },
      "geometry": {
        "type": "Polygon",
        "coordinates": [
          [
            [
              74.61914129976861,
              42.859308111932606,
              750.894
            ],
            [
              74.61913502750723,
              42.85927473394524,
              753.502
            ],
            [
              74.61919341079737,
              42.859260632229486,
              753.502
            ],
            [
              74.61919965380623,
              42.859298775419774,
              753.502
            ],
            [
              74.61914129976861,
              42.859308111932606,
              750.894
            ]
          ]
        ]
      }
    },
    {
      "type": "Feature",
      "properties": {
        "fid": 148,
        "road_id": "I148",
        "name": null,
        "road_type": null
      },
      "geometry": {
        "type": "Polygon",
        "coordinates": [
          [
            [
              74.62220147808848,
              42.85990438269135,
              754.392
            ],
            [
              74.62219517506661,
              42.85987577007562,
              754.392
            ],
            [
              74.6222664257663,
              42.859876005161354,
              754.392
            ],
            [
              74.62225974509445,
              42.85990934024152,
              754.391
            ],
            [
              74.62220147808848,
              42.85990438269135,
              754.392
            ]
          ]
        ]
      }
    },
    {
      "type": "Feature",
      "properties": {
        "fid": 149,
        "road_id": "I149",
        "name": null,
        "road_type": null
      },
      "geometry": {
        "type": "Polygon",
        "coordinates": [
          [
            [
              74.62221951565361,
              42.86013317674408,
              754.391
            ],
            [
              74.6222132707043,
              42.86009503371655,
              754.391
            ],
            [
              74.62227159598487,
              42.86009046084732,
              754.391
            ],
            [
              74.62227784096966,
              42.86012860387186,
              754.39
            ],
            [
              74.62221951565361,
              42.86013317674408,
              754.391
            ]
          ]
        ]
      }
    },
    {
      "type": "Feature",
      "properties": {
        "fid": 150,
        "road_id": "I150",
        "name": null,
        "road_type": null
      },
      "geometry": {
        "type": "Polygon",
        "coordinates": [
          [
            [
              74.62224391453458,
              42.86038105298317,
              752.486
            ],
            [
              74.6222311631106,
              42.86034765379378,
              752.486
            ],
            [
              74.62228951767392,
              42.8603383157098,
              752.486
            ],
            [
              74.6223022110372,
              42.86038124530632,
              752.486
            ],
            [
              74.62224391453458,
              42.86038105298317,
              752.486
            ]
          ]
        ]
      }
    },
    {
      "type": "Feature",
      "properties": {
        "fid": 151,
        "road_id": "I151",
        "name": null,
        "road_type": null
      },
      "geometry": {
        "type": "Polygon",
        "coordinates": [
          [
            [
              74.62230415737278,
              42.86112463887443,
              751.026
            ],
            [
              74.62229140576612,
              42.86109123969537,
              751.026
            ],
            [
              74.62233677705346,
              42.86108662405963,
              751.026
            ],
            [
              74.62234302217443,
              42.861124767074486,
              751.026
            ],
            [
              74.62230415737278,
              42.86112463887443,
              751.026
            ]
          ]
        ]
      }
    },
    {
      "type": "Feature",
      "properties": {
        "fid": 152,
        "road_id": "I152",
        "name": null,
        "road_type": null
      },
      "geometry": {
        "type": "Polygon",
        "coordinates": [
          [
            [
              74.6223341921789,
              42.861510727391384,
              749.598
            ],
            [
              74.62232794702614,
              42.86147258437851,
              749.599
            ],
            [
              74.62236681204614,
              42.861472712571334,
              749.527
            ],
            [
              74.62238440012071,
              42.86150970166722,
              749.527
            ],
            [
              74.6223341921789,
              42.861510727391384,
              749.598
            ]
          ]
        ]
      }
    },
    {
      "type": "Feature",
      "properties": {
        "fid": 153,
        "road_id": "I153",
        "name": null,
        "road_type": null
      },
      "geometry": {
        "type": "Polygon",
        "coordinates": [
          [
            [
              74.62303500582722,
              42.865301450439325,
              739.665
            ],
            [
              74.62302225298232,
              42.865268051361255,
              739.665
            ],
            [
              74.62306285582787,
              42.86524912384684,
              739.665
            ],
            [
              74.62308850651591,
              42.8652920959775,
              739.665
            ],
            [
              74.62303500582722,
              42.865301450439325,
              739.665
            ]
          ]
        ]
      }
    },
    {
      "type": "Feature",
      "properties": {
        "fid": 154,
        "road_id": "I154",
        "name": null,
        "road_type": null
      },
      "geometry": {
        "type": "Polygon",
        "coordinates": [
          [
            [
              74.6225542474607,
              42.86552860088476,
              739.248
            ],
            [
              74.62259340530575,
              42.86548107698442,
              739.249
            ],
            [
              74.62263875076403,
              42.86548122644745,
              739.248
            ],
            [
              74.62261899771028,
              42.86553357962282,
              739.248
            ],
            [
              74.6225542474607,
              42.86552860088476,
              739.248
            ]
          ]
        ]
      }
    },
    {
      "type": "Feature",
      "properties": {
        "fid": 155,
        "road_id": "I155",
        "name": null,
        "road_type": null
      },
      "geometry": {
        "type": "Polygon",
        "coordinates": [
          [
            [
              74.62253179426027,
              42.8660241178606,
              736.812
            ],
            [
              74.62252557758423,
              42.86598120968424,
              736.812
            ],
            [
              74.62259035733287,
              42.865981423237734,
              736.812
            ],
            [
              74.62260299397768,
              42.86603388316811,
              736.812
            ],
            [
              74.62253179426027,
              42.8660241178606,
              736.812
            ]
          ]
        ]
      }
    },
    {
      "type": "Feature",
      "properties": {
        "fid": 156,
        "road_id": "I156",
        "name": null,
        "road_type": null
      },
      "geometry": {
        "type": "Polygon",
        "coordinates": [
          [
            [
              74.62253658832914,
              42.86630052093459,
              737.599
            ],
            [
              74.62251753175421,
              42.866238509237895,
              736.811
            ],
            [
              74.62258878977362,
              42.86623874415085,
              736.811
            ],
            [
              74.62258230798035,
              42.86629486160165,
              737.599
            ],
            [
              74.62253658832914,
              42.86630052093459,
              737.599
            ]
          ]
        ]
      }
    },
    {
      "type": "Feature",
      "properties": {
        "fid": 157,
        "road_id": "I157",
        "name": null,
        "road_type": null
      },
      "geometry": {
        "type": "Polygon",
        "coordinates": [
          [
            [
              74.62077430783589,
              42.86633758516626,
              739.614
            ],
            [
              74.6207745995228,
              42.86628993315699,
              739.614
            ],
            [
              74.62084588675019,
              42.86628540395393,
              739.614
            ],
            [
              74.62083908794403,
              42.86633779971202,
              739.614
            ],
            [
              74.62077430783589,
              42.86633758516626,
              739.614
            ]
          ]
        ]
      }
    },
    {
      "type": "Feature",
      "properties": {
        "fid": 158,
        "road_id": "I158",
        "name": null,
        "road_type": null
      },
      "geometry": {
        "type": "Polygon",
        "coordinates": [
          [
            [
              74.62088498354534,
              42.86518951487376,
              738.955
            ],
            [
              74.62089823090713,
              42.865141905752886,
              738.955
            ],
            [
              74.62097614044977,
              42.865113571901354,
              737.544
            ],
            [
              74.62094322625389,
              42.86519923831001,
              738.955
            ],
            [
              74.62088498354534,
              42.86518951487376,
              738.955
            ]
          ]
        ]
      }
    },
    {
      "type": "Feature",
      "properties": {
        "fid": 159,
        "road_id": "I159",
        "name": null,
        "road_type": null
      },
      "geometry": {
        "type": "Polygon",
        "coordinates": [
          [
            [
              74.61668506708885,
              42.86789413305678,
              731.26
            ],
            [
              74.61677414193336,
              42.86789443123766,
              731.26
            ],
            [
              74.61676735423812,
              42.86794444412636,
              733.047
            ],
            [
              74.61669240527074,
              42.86794661735284,
              733.047
            ],
            [
              74.61668506708885,
              42.86789413305678,
              731.26
            ]
          ]
        ]
      }
    },
    {
      "type": "Feature",
      "properties": {
        "fid": 160,
        "road_id": "I160",
        "name": null,
        "road_type": null
      },
      "geometry": {
        "type": "Polygon",
        "coordinates": [
          [
            [
              74.6131513667738,
              42.85955965262349,
              752.685
            ],
            [
              74.61308698059817,
              42.85949748612573,
              752.685
            ],
            [
              74.61320372053653,
              42.85947405404835,
              751.745
            ],
            [
              74.61324213814743,
              42.85954566336964,
              751.744
            ],
            [
              74.6131513667738,
              42.85955965262349,
              752.685
            ]
          ]
        ]
      }
    },
    {
      "type": "Feature",
      "properties": {
        "fid": 161,
        "road_id": "I161",
        "name": null,
        "road_type": null
      },
      "geometry": {
        "type": "Polygon",
        "coordinates": [
          [
            [
              74.61247104208766,
              42.85959070909828,
              752.988
            ],
            [
              74.61246501180042,
              42.85951920914556,
              751.175
            ],
            [
              74.61252336701818,
              42.85950987604051,
              751.175
            ],
            [
              74.61252292007374,
              42.85958135407019,
              751.175
            ],
            [
              74.61247104208766,
              42.85959070909828,
              752.988
            ]
          ]
        ]
      }
    },
    {
      "type": "Feature",
      "properties": {
        "fid": 162,
        "road_id": "I162",
        "name": null,
        "road_type": null
      },
      "geometry": {
        "type": "Polygon",
        "coordinates": [
          [
            [
              74.61152354298977,
              42.859618472685256,
              752.528
            ],
            [
              74.61152405083378,
              42.859537464261656,
              751.584
            ],
            [
              74.61157096640287,
              42.859544771387384,
              751.868
            ],
            [
              74.61157054822894,
              42.85961148420719,
              752.904
            ],
            [
              74.61152354298977,
              42.859618472685256,
              752.528
            ]
          ]
        ]
      }
    },
    {
      "type": "Feature",
      "properties": {
        "fid": 163,
        "road_id": "I163",
        "name": null,
        "road_type": null
      },
      "geometry": {
        "type": "Polygon",
        "coordinates": [
          [
            [
              74.6133301950128,
              42.86022620772652,
              752.533
            ],
            [
              74.61333037342233,
              42.860197616515244,
              752.533
            ],
            [
              74.61338861023091,
              42.86020734377992,
              752.533
            ],
            [
              74.61338192474994,
              42.86024067832121,
              752.533
            ],
            [
              74.6133301950128,
              42.86022620772652,
              752.533
            ]
          ]
        ]
      }
    },
    {
      "type": "Feature",
      "properties": {
        "fid": 164,
        "road_id": "I164",
        "name": null,
        "road_type": null
      },
      "geometry": {
        "type": "Polygon",
        "coordinates": [
          [
            [
              74.61334519674722,
              42.86093628838534,
              747.527
            ],
            [
              74.61335203099551,
              42.860879127843965,
              747.527
            ],
            [
              74.61341041709461,
              42.86086502909216,
              747.527
            ],
            [
              74.61339062802372,
              42.86092214589417,
              747.527
            ],
            [
              74.61334519674722,
              42.86093628838534,
              747.527
            ]
          ]
        ]
      }
    },
    {
      "type": "Feature",
      "properties": {
        "fid": 165,
        "road_id": "I165",
        "name": null,
        "road_type": null
      },
      "geometry": {
        "type": "Polygon",
        "coordinates": [
          [
            [
              74.61327254711422,
              42.86116001219716,
              747.093
            ],
            [
              74.61327929223637,
              42.86111714726604,
              747.093
            ],
            [
              74.61333117138274,
              42.86110779187879,
              747.093
            ],
            [
              74.6133178596241,
              42.86116493054041,
              747.093
            ],
            [
              74.61327254711422,
              42.86116001219716,
              747.093
            ]
          ]
        ]
      }
    },
    {
      "type": "Feature",
      "properties": {
        "fid": 166,
        "road_id": "I166",
        "name": null,
        "road_type": null
      },
      "geometry": {
        "type": "Polygon",
        "coordinates": [
          [
            [
              74.61328971933192,
              42.86152223310101,
              746.734
            ],
            [
              74.61328345000938,
              42.86148885481754,
              746.734
            ],
            [
              74.61333532946676,
              42.8614794994302,
              746.734
            ],
            [
              74.61333506184381,
              42.86152238623743,
              746.734
            ],
            [
              74.61328971933192,
              42.86152223310101,
              746.734
            ]
          ]
        ]
      }
    },
    {
      "type": "Feature",
      "properties": {
        "fid": 167,
        "road_id": "I167",
        "name": null,
        "road_type": null
      },
      "geometry": {
        "type": "Polygon",
        "coordinates": [
          [
            [
              74.61330029523957,
              42.861903492904695,
              746.246
            ],
            [
              74.61330053315123,
              42.86186537130098,
              746.246
            ],
            [
              74.6133459056497,
              42.8618607592336,
              746.246
            ],
            [
              74.61335223451204,
              42.86188460711079,
              746.246
            ],
            [
              74.61330029523957,
              42.861903492904695,
              746.246
            ]
          ]
        ]
      }
    },
    {
      "type": "Feature",
      "properties": {
        "fid": 168,
        "road_id": "I168",
        "name": null,
        "road_type": null
      },
      "geometry": {
        "type": "Polygon",
        "coordinates": [
          [
            [
              74.6133640299607,
              42.862070493675546,
              746.245
            ],
            [
              74.61333829814195,
              42.862041814974845,
              746.246
            ],
            [
              74.61339662587821,
              42.862037246638,
              746.246
            ],
            [
              74.61340940260496,
              42.86206588158373,
              746.245
            ],
            [
              74.6133640299607,
              42.862070493675546,
              746.245
            ]
          ]
        ]
      }
    },
    {
      "type": "Feature",
      "properties": {
        "fid": 169,
        "road_id": "I169",
        "name": null,
        "road_type": null
      },
      "geometry": {
        "type": "Polygon",
        "coordinates": [
          [
            [
              74.61342110906554,
              42.862266063738176,
              745.826
            ],
            [
              74.61341483959983,
              42.86223268546567,
              745.826
            ],
            [
              74.61347310805843,
              42.86223764749121,
              745.876
            ],
            [
              74.61348588486123,
              42.8622662824277,
              745.876
            ],
            [
              74.61342110906554,
              42.862266063738176,
              745.826
            ]
          ]
        ]
      }
    },
    {
      "type": "Feature",
      "properties": {
        "fid": 170,
        "road_id": "I170",
        "name": null,
        "road_type": null
      },
      "geometry": {
        "type": "Polygon",
        "coordinates": [
          [
            [
              74.61343932292642,
              42.86246150255468,
              743.083
            ],
            [
              74.61342654610557,
              42.862432867613904,
              743.083
            ],
            [
              74.61349788884574,
              42.862418812567356,
              742.835
            ],
            [
              74.6134976510509,
              42.86245693416822,
              742.835
            ],
            [
              74.61343932292642,
              42.86246150255468,
              743.083
            ]
          ]
        ]
      }
    },
    {
      "type": "Feature",
      "properties": {
        "fid": 171,
        "road_id": "I171",
        "name": null,
        "road_type": null
      },
      "geometry": {
        "type": "Polygon",
        "coordinates": [
          [
            [
              74.62400058955537,
              42.865509533323376,
              738.896
            ],
            [
              74.62403335511215,
              42.86544769204212,
              739.357
            ],
            [
              74.62407849815762,
              42.86548119735894,
              739.357
            ],
            [
              74.62402334591948,
              42.86553270887079,
              738.895
            ],
            [
              74.62400058955537,
              42.865509533323376,
              738.896
            ]
          ]
        ]
      }
    },
    {
      "type": "Feature",
      "properties": {
        "fid": 172,
        "road_id": "R201",
        "name": null,
        "road_type": null
      },
      "geometry": {
        "type": "Polygon",
        "coordinates": [
          [
            [
              74.61628673724908,
              42.863774702156384,
              741.574
            ],
            [
              74.61628497375084,
              42.86371474324151,
              739.318
            ],
            [
              74.61598057290719,
              42.863710223512385,
              741.434
            ],
            [
              74.6159866076254,
              42.86378172324499,
              742.174
            ],
            [
              74.61628673724908,
              42.863774702156384,
              741.574
            ]
          ]
        ]
      }
    },
    {
      "type": "Feature",
      "properties": {
        "fid": 173,
        "road_id": "E102",
        "name": null,
        "road_type": null
      },
      "geometry": {
        "type": "Polygon",
        "coordinates": [
          [
            [
              74.6168227935088,
              42.86379911958041,
              739.993
            ],
            [
              74.61682834309097,
              42.86373067474043,
              740.366
            ],
            [
              74.61676431963858,
              42.86372238014615,
              740.668
            ],
            [
              74.61658294308027,
              42.863721772899986,
              740.668
            ],
            [
              74.61639511829652,
              42.86371637846291,
              740.668
            ],
            [
              74.61628497375084,
              42.86371474324151,
              739.318
            ],
            [
              74.61628673724908,
              42.863774702156384,
              741.574
            ],
            [
              74.61634294234683,
              42.8637733872336,
              741.574
            ],
            [
              74.6168227935088,
              42.86379911958041,
              739.993
            ]
          ]
        ]
      }
    }
  ]
}