{
  "type": "FeatureCollection",
  "features": [
    {
      "type": "Feature",
      "properties": {
        "name": "Flood Extent, Observed 27 August 2026, GeoJSON",
        "area_sq_km": 31.7,
        "buffer_meters": 0
      },
      "geometry": {
        "type": "Polygon",
        "coordinates": [
          [
            [
              84.556395,
              27.859197,
              192.396
            ],
            [
              84.55703,
              27.859602,
              193.539
            ],
            [
              84.558238,
              27.859624,
              214.495
            ],
            [
              84.559223,
              27.858854,
              215.876
            ],
            [
              84.560096,
              27.858411,
              204.174
            ],
            [
              84.566848,
              27.859024,
              201.422
            ],
            [
              84.57148,
              27.860843,
              205.63
            ],
            [
              84.572915,
              27.861585,
              193.77
            ],
            [
              84.574089,
              27.862712,
              210.571
            ],
            [
              84.575664,
              27.86383,
              211.247
            ],
            [
              84.576765,
              27.864429,
              223.601
            ],
            [
              84.577265,
              27.865555,
              218.109
            ],
            [
              84.57706,
              27.866871,
              220.707
            ],
            [
              84.576447,
              27.867621,
              228.447
            ],
            [
              84.576249,
              27.868651,
              204.193
            ],
            [
              84.576137,
              27.870074,
              208.486
            ],
            [
              84.576665,
              27.87173,
              223.041
            ],
            [
              84.579037,
              27.873632,
              237.301
            ],
            [
              84.580938,
              27.874952,
              227.77
            ],
            [
              84.582612,
              27.875843,
              229.662
            ],
            [
              84.584211,
              27.876523,
              217.186
            ],
            [
              84.586512,
              27.87864,
              202.24
            ],
            [
              84.587701,
              27.879447,
              202.7
            ],
            [
              84.589448,
              27.880405,
              201.983
            ],
            [
              84.590985,
              27.880429,
              222.687
            ],
            [
              84.59342,
              27.879047,
              213.879
            ],
            [
              84.59574,
              27.877193,
              208.742
            ],
            [
              84.596595,
              27.876698,
              202.914
            ],
            [
              84.597697,
              27.876816,
              203.072
            ],
            [
              84.599425,
              27.877417,
              210.002
            ],
            [
              84.601052,
              27.877041,
              209.276
            ],
            [
              84.604368,
              27.875498,
              222.086
            ],
            [
              84.605357,
              27.874483,
              208.27
            ],
            [
              84.605505,
              27.873224,
              201.107
            ],
            [
              84.605617,
              27.873058,
              203.415
            ],
            [
              84.606431,
              27.872613,
              206.773
            ],
            [
              84.608414,
              27.872022,
              205.701
            ],
            [
              84.609663,
              27.87221,
              212.397
            ],
            [
              84.612274,
              27.873054,
              210.308
            ],
            [
              84.613608,
              27.874007,
              205.556
            ],
            [
              84.613629,
              27.876575,
              212.664
            ],
            [
              84.614111,
              27.87813,
              204.426
            ],
            [
              84.614983,
              27.87952,
              209.108
            ],
            [
              84.616032,
              27.879726,
              205.503
            ],
            [
              84.617226,
              27.88048,
              210.649
            ],
            [
              84.619197,
              27.881427,
              219.074
            ],
            [
              84.620615,
              27.881451,
              222.862
            ],
            [
              84.623333,
              27.880982,
              244.45
            ],
            [
              84.625876,
              27.879709,
              219.023
            ],
            [
              84.627712,
              27.878308,
              235.284
            ],
            [
              84.627989,
              27.877446,
              227.804
            ],
            [
              84.628293,
              27.874587,
              214.951
            ],
            [
              84.627746,
              27.873903,
              209.84
            ],
            [
              84.627695,
              27.872961,
              208.626
            ],
            [
              84.628159,
              27.872163,
              209.145
            ],
            [
              84.630476,
              27.870682,
              212.234
            ],
            [
              84.634071,
              27.869851,
              230.361
            ],
            [
              84.634851,
              27.869506,
              236.872
            ],
            [
              84.635039,
              27.868555,
              217.07
            ],
            [
              84.634164,
              27.866056,
              216.52
            ],
            [
              84.634144,
              27.865033,
              228.477
            ],
            [
              84.634313,
              27.863468,
              227.056
            ],
            [
              84.635052,
              27.861279,
              217.761
            ],
            [
              84.636247,
              27.860665,
              216.51
            ],
            [
              84.639067,
              27.860419,
              218.451
            ],
            [
              84.641072,
              27.860778,
              219.641
            ],
            [
              84.642746,
              27.861643,
              231.209
            ],
            [
              84.644419,
              27.86194,
              240.607
            ],
            [
              84.647272,
              27.861602,
              227.288
            ],
            [
              84.649373,
              27.861099,
              230.614
            ],
            [
              84.650334,
              27.860101,
              225.314
            ],
            [
              84.650896,
              27.858947,
              243.277
            ],
            [
              84.650422,
              27.858181,
              261.557
            ],
            [
              84.648366,
              27.855858,
              239.747
            ],
            [
              84.647441,
              27.854966,
              233.568
            ],
            [
              84.647283,
              27.854179,
              236.643
            ],
            [
              84.64737,
              27.853962,
              238.085
            ],
            [
              84.648081,
              27.853435,
              245.887
            ],
            [
              84.649218,
              27.853119,
              242.751
            ],
            [
              84.651795,
              27.852897,
              238.653
            ],
            [
              84.655711,
              27.852934,
              233.064
            ],
            [
              84.658283,
              27.851963,
              251.162
            ],
            [
              84.660135,
              27.850562,
              248.883
            ],
            [
              84.661091,
              27.849144,
              251.927
            ],
            [
              84.661557,
              27.847906,
              242.496
            ],
            [
              84.661798,
              27.84636,
              242.936
            ],
            [
              84.662287,
              27.845229,
              242.011
            ],
            [
              84.663132,
              27.844131,
              239.541
            ],
            [
              84.664608,
              27.840939,
              232.333
            ],
            [
              84.663884,
              27.838147,
              244.079
            ],
            [
              84.663815,
              27.836603,
              241.866
            ],
            [
              84.663605,
              27.835397,
              240.458
            ],
            [
              84.663151,
              27.834427,
              255.315
            ],
            [
              84.662268,
              27.833047,
              242.477
            ],
            [
              84.661805,
              27.831726,
              244.973
            ],
            [
              84.661523,
              27.829803,
              232.674
            ],
            [
              84.661833,
              27.828991,
              239.269
            ],
            [
              84.663944,
              27.82761,
              239.629
            ],
            [
              84.666255,
              27.825808,
              248.189
            ],
            [
              84.667696,
              27.823987,
              255.643
            ],
            [
              84.668257,
              27.82285,
              252.273
            ],
            [
              84.668281,
              27.821761,
              236.187
            ],
            [
              84.667718,
              27.819743,
              231.424
            ],
            [
              84.668355,
              27.818882,
              241.316
            ],
            [
              84.670317,
              27.817636,
              276.435
            ],
            [
              84.67337,
              27.81735,
              264.317
            ],
            [
              84.67451,
              27.816798,
              239.416
            ],
            [
              84.677291,
              27.816031,
              256.212
            ],
            [
              84.678535,
              27.814974,
              252.362
            ],
            [
              84.680636,
              27.814058,
              252.573
            ],
            [
              84.683696,
              27.811391,
              251.997
            ],
            [
              84.684718,
              27.810959,
              256.239
            ],
            [
              84.688532,
              27.810614,
              240.26
            ],
            [
              84.691252,
              27.810193,
              245.381
            ],
            [
              84.694109,
              27.809919,
              260.879
            ],
            [
              84.696397,
              27.808954,
              262.777
            ],
            [
              84.701059,
              27.808282,
              248.406
            ],
            [
              84.704292,
              27.808084,
              252.861
            ],
            [
              84.706308,
              27.807796,
              268.498
            ],
            [
              84.708167,
              27.807256,
              303.658
            ],
            [
              84.708861,
              27.806193,
              282.899
            ],
            [
              84.709036,
              27.804227,
              256.407
            ],
            [
              84.708844,
              27.802841,
              264.28
            ],
            [
              84.709586,
              27.801782,
              250.624
            ],
            [
              84.711428,
              27.800997,
              258.765
            ],
            [
              84.714168,
              27.801062,
              248.667
            ],
            [
              84.715455,
              27.802185,
              253.021
            ],
            [
              84.716504,
              27.803455,
              252.332
            ],
            [
              84.71796,
              27.804434,
              259.73
            ],
            [
              84.7187,
              27.804327,
              253.744
            ],
            [
              84.719979,
              27.803873,
              259.752
            ],
            [
              84.721103,
              27.802454,
              250.568
            ],
            [
              84.722825,
              27.801603,
              260.229
            ],
            [
              84.727776,
              27.800418,
              265.688
            ],
            [
              84.729227,
              27.798298,
              266.092
            ],
            [
              84.730011,
              27.796915,
              270.263
            ],
            [
              84.730205,
              27.796801,
              270.534
            ],
            [
              84.731626,
              27.796665,
              265.393
            ],
            [
              84.733925,
              27.797113,
              265.74
            ],
            [
              84.735635,
              27.798259,
              248.596
            ],
            [
              84.736238,
              27.800139,
              263.539
            ],
            [
              84.736523,
              27.80265,
              260.453
            ],
            [
              84.737499,
              27.804159,
              265.829
            ],
            [
              84.739764,
              27.804971,
              270.739
            ],
            [
              84.74475,
              27.805059,
              268.333
            ],
            [
              84.746529,
              27.806302,
              286.442
            ],
            [
              84.748244,
              27.806045,
              268.04
            ],
            [
              84.750291,
              27.805478,
              265.371
            ],
            [
              84.751546,
              27.806012,
              270.122
            ],
            [
              84.754002,
              27.80751,
              270.437
            ],
            [
              84.755474,
              27.808821,
              268.86
            ],
            [
              84.755888,
              27.810236,
              268.523
            ],
            [
              84.75583,
              27.81361,
              264.841
            ],
            [
              84.755912,
              27.814859,
              277.615
            ],
            [
              84.758082,
              27.816567,
              263.069
            ],
            [
              84.760832,
              27.81852,
              278.318
            ],
            [
              84.764787,
              27.819443,
              278.422
            ],
            [
              84.766952,
              27.818619,
              272.358
            ],
            [
              84.768753,
              27.817216,
              286.633
            ],
            [
              84.770191,
              27.815138,
              309.729
            ],
            [
              84.769958,
              27.813593,
              278.267
            ],
            [
              84.770168,
              27.812193,
              283.78
            ],
            [
              84.770995,
              27.811031,
              279.533
            ],
            [
              84.773726,
              27.809243,
              278.26
            ],
            [
              84.775309,
              27.809573,
              283.102
            ],
            [
              84.775939,
              27.810491,
              287.654
            ],
            [
              84.779209,
              27.813409,
              279.333
            ],
            [
              84.781005,
              27.813836,
              270.082
            ],
            [
              84.781163,
              27.814729,
              284.271
            ],
            [
              84.780712,
              27.816107,
              271.275
            ],
            [
              84.781831,
              27.816507,
              334.489
            ],
            [
              84.78377,
              27.814699,
              282.666
            ],
            [
              84.787876,
              27.815028,
              303.328
            ],
            [
              84.789706,
              27.814867,
              285.775
            ],
            [
              84.790767,
              27.813421,
              278.028
            ],
            [
              84.792575,
              27.813059,
              278.422
            ],
            [
              84.794441,
              27.813649,
              279.443
            ],
            [
              84.79574,
              27.814249,
              279.544
            ],
            [
              84.797977,
              27.814785,
              294.451
            ],
            [
              84.800662,
              27.815186,
              285.843
            ],
            [
              84.801955,
              27.815627,
              285.092
            ],
            [
              84.804367,
              27.817214,
              286.218
            ],
            [
              84.806362,
              27.817853,
              291.236
            ],
            [
              84.809306,
              27.817973,
              293.294
            ],
            [
              84.810123,
              27.817413,
              296.655
            ],
            [
              84.810388,
              27.816525,
              295.081
            ],
            [
              84.810764,
              27.816081,
              288.491
            ],
            [
              84.811774,
              27.815383,
              293.315
            ],
            [
              84.813134,
              27.814742,
              289.604
            ],
            [
              84.816462,
              27.813475,
              313.96
            ],
            [
              84.817496,
              27.812119,
              305.229
            ],
            [
              84.817464,
              27.810687,
              297.205
            ],
            [
              84.818282,
              27.808783,
              292.875
            ],
            [
              84.819722,
              27.80828,
              300.463
            ],
            [
              84.821705,
              27.808414,
              300.11
            ],
            [
              84.821924,
              27.80863,
              294.139
            ],
            [
              84.821907,
              27.809527,
              295.161
            ],
            [
              84.821461,
              27.81166,
              307.565
            ],
            [
              84.820754,
              27.813722,
              309.358
            ],
            [
              84.821464,
              27.815229,
              296.982
            ],
            [
              84.822951,
              27.817994,
              337.72
            ],
            [
              84.824808,
              27.819158,
              312.731
            ],
            [
              84.827616,
              27.819739,
              338.187
            ],
            [
              84.829441,
              27.819111,
              314.538
            ],
            [
              84.831781,
              27.817757,
              322.473
            ],
            [
              84.835445,
              27.814472,
              305.527
            ],
            [
              84.835787,
              27.813475,
              299.54
            ],
            [
              84.835624,
              27.811181,
              314.619
            ],
            [
              84.836448,
              27.808824,
              330.371
            ],
            [
              84.837947,
              27.807444,
              328.41
            ],
            [
              84.838684,
              27.805587,
              317.733
            ],
            [
              84.839453,
              27.80292,
              319.82
            ],
            [
              84.839649,
              27.802756,
              316.366
            ],
            [
              84.841694,
              27.802353,
              312.748
            ],
            [
              84.84368,
              27.802665,
              312.589
            ],
            [
              84.846195,
              27.803694,
              312.625
            ],
            [
              84.848565,
              27.808033,
              313.871
            ],
            [
              84.849515,
              27.809105,
              338.073
            ],
            [
              84.851771,
              27.809045,
              315.783
            ],
            [
              84.855858,
              27.808156,
              314.98
            ],
            [
              84.859358,
              27.807768,
              322.457
            ],
            [
              84.860989,
              27.806978,
              326.518
            ],
            [
              84.862732,
              27.805481,
              326.46
            ],
            [
              84.86377,
              27.80417,
              318.776
            ],
            [
              84.864811,
              27.803089,
              319.07
            ],
            [
              84.866088,
              27.802431,
              316.565
            ],
            [
              84.867876,
              27.802506,
              312.04
            ],
            [
              84.870093,
              27.80294,
              320.01
            ],
            [
              84.871857,
              27.80388,
              319.404
            ],
            [
              84.87204,
              27.804106,
              317.467
            ],
            [
              84.87207,
              27.804453,
              321.986
            ],
            [
              84.87081,
              27.806517,
              339.534
            ],
            [
              84.871097,
              27.807142,
              344.843
            ],
            [
              84.874268,
              27.808474,
              331.181
            ],
            [
              84.874939,
              27.808616,
              324.309
            ],
            [
              84.87582,
              27.808589,
              316.762
            ],
            [
              84.877449,
              27.808943,
              319.487
            ],
            [
              84.878999,
              27.809448,
              323.157
            ],
            [
              84.880153,
              27.809999,
              326.574
            ],
            [
              84.882241,
              27.81027,
              334.098
            ],
            [
              84.882996,
              27.810091,
              326.869
            ],
            [
              84.883523,
              27.809553,
              320.602
            ],
            [
              84.884515,
              27.809456,
              326.956
            ],
            [
              84.88519,
              27.809519,
              327.417
            ],
            [
              84.885844,
              27.810075,
              335.578
            ],
            [
              84.886117,
              27.810138,
              341.247
            ],
            [
              84.887409,
              27.810014,
              341.001
            ],
            [
              84.893294,
              27.808732,
              328.902
            ],
            [
              84.89362,
              27.808483,
              325.023
            ],
            [
              84.894524,
              27.808113,
              328.502
            ],
            [
              84.89658,
              27.808078,
              334.866
            ],
            [
              84.897663,
              27.807456,
              325.215
            ],
            [
              84.898764,
              27.807084,
              324.953
            ],
            [
              84.899362,
              27.80706,
              323.926
            ],
            [
              84.900339,
              27.807298,
              328.106
            ],
            [
              84.902851,
              27.807439,
              331.522
            ],
            [
              84.904607,
              27.808242,
              343.911
            ],
            [
              84.906151,
              27.808265,
              344.627
            ],
            [
              84.90785,
              27.807427,
              340.393
            ],
            [
              84.908187,
              27.806928,
              333.709
            ],
            [
              84.908223,
              27.805815,
              322.849
            ],
            [
              84.908082,
              27.805472,
              317.987
            ],
            [
              84.908281,
              27.805014,
              321.88
            ],
            [
              84.908649,
              27.804843,
              324.623
            ],
            [
              84.910407,
              27.804869,
              334.985
            ],
            [
              84.91175,
              27.805544,
              346.74
            ],
            [
              84.912396,
              27.805593,
              336.856
            ],
            [
              84.913442,
              27.805324,
              333.809
            ],
            [
              84.914277,
              27.804778,
              343.603
            ],
            [
              84.91448,
              27.804511,
              341.325
            ],
            [
              84.914912,
              27.803086,
              349.419
            ],
            [
              84.915678,
              27.801829,
              337.62
            ],
            [
              84.917659,
              27.800846,
              340.022
            ],
            [
              84.918778,
              27.800513,
              344.006
            ],
            [
              84.921229,
              27.798886,
              328.353
            ],
            [
              84.923195,
              27.7982,
              331.183
            ],
            [
              84.925311,
              27.798662,
              332.391
            ],
            [
              84.926659,
              27.799382,
              333.111
            ],
            [
              84.927604,
              27.800139,
              337.944
            ],
            [
              84.931553,
              27.802168,
              340.347
            ],
            [
              84.933849,
              27.804313,
              354.888
            ],
            [
              84.936297,
              27.805532,
              347.818
            ],
            [
              84.937112,
              27.805563,
              340.388
            ],
            [
              84.93867,
              27.805025,
              339.35
            ],
            [
              84.939447,
              27.805212,
              337.415
            ],
            [
              84.940196,
              27.806118,
              339.219
            ],
            [
              84.940873,
              27.807761,
              339.197
            ],
            [
              84.94322,
              27.811523,
              339.75
            ],
            [
              84.945183,
              27.814299,
              350.008
            ],
            [
              84.946225,
              27.81557,
              345.508
            ],
            [
              84.947391,
              27.816668,
              350.929
            ],
            [
              84.949174,
              27.817348,
              351.048
            ],
            [
              84.950645,
              27.817394,
              356.272
            ],
            [
              84.953257,
              27.81652,
              343.713
            ],
            [
              84.95442,
              27.817018,
              345.385
            ],
            [
              84.956285,
              27.818574,
              352.091
            ],
            [
              84.956575,
              27.818702,
              355.008
            ],
            [
              84.959063,
              27.818662,
              353.288
            ],
            [
              84.960457,
              27.818022,
              360.922
            ],
            [
              84.962963,
              27.816511,
              360.034
            ],
            [
              84.9645,
              27.815101,
              360.53
            ],
            [
              84.965389,
              27.812841,
              352.011
            ],
            [
              84.965916,
              27.811981,
              352.809
            ],
            [
              84.966272,
              27.811661,
              350.84
            ],
            [
              84.967036,
              27.81167,
              350.224
            ],
            [
              84.96751,
              27.812131,
              355.125
            ],
            [
              84.96868,
              27.812327,
              362.936
            ],
            [
              84.969538,
              27.811355,
              362.33
            ],
            [
              84.970173,
              27.809693,
              360.786
            ],
            [
              84.970094,
              27.80735,
              352.431
            ],
            [
              84.970894,
              27.806116,
              360.995
            ],
            [
              84.972187,
              27.805496,
              362.34
            ],
            [
              84.972606,
              27.805186,
              360.778
            ],
            [
              84.972736,
              27.80488,
              358.038
            ],
            [
              84.972713,
              27.804217,
              367.326
            ],
            [
              84.972978,
              27.802679,
              368.293
            ],
            [
              84.973173,
              27.802509,
              362.398
            ],
            [
              84.9745,
              27.802079,
              358.568
            ],
            [
              84.975957,
              27.801858,
              363.261
            ],
            [
              84.977629,
              27.801941,
              367.481
            ],
            [
              84.978709,
              27.802213,
              368.094
            ],
            [
              84.979329,
              27.802621,
              373.577
            ],
            [
              84.979661,
              27.802639,
              371.056
            ],
            [
              84.980364,
              27.802929,
              373.396
            ],
            [
              84.981927,
              27.803167,
              364.417
            ],
            [
              84.98241,
              27.803446,
              367.168
            ],
            [
              84.983605,
              27.804484,
              363.688
            ],
            [
              84.985782,
              27.805688,
              385.114
            ],
            [
              84.987936,
              27.806133,
              382.619
            ],
            [
              84.989285,
              27.80587,
              366.172
            ],
            [
              84.990136,
              27.805446,
              369.155
            ],
            [
              84.99154,
              27.804111,
              376.698
            ],
            [
              84.991915,
              27.803881,
              374.577
            ],
            [
              84.992307,
              27.803849,
              375.424
            ],
            [
              84.99345,
              27.804203,
              375.258
            ],
            [
              84.996183,
              27.804299,
              375.804
            ],
            [
              84.997805,
              27.803692,
              376.145
            ],
            [
              84.999501,
              27.802691,
              368.317
            ],
            [
              85.001334,
              27.802492,
              373.096
            ],
            [
              85.002824,
              27.802969,
              368.49
            ],
            [
              85.00366,
              27.804235,
              377.574
            ],
            [
              85.006109,
              27.805583,
              370.642
            ],
            [
              85.006777,
              27.805786,
              370.087
            ],
            [
              85.007597,
              27.805837,
              375.453
            ],
            [
              85.010932,
              27.80707,
              376.962
            ],
            [
              85.012118,
              27.807753,
              378.439
            ],
            [
              85.012876,
              27.807914,
              377.025
            ],
            [
              85.013093,
              27.808205,
              379.648
            ],
            [
              85.013158,
              27.808961,
              375.55
            ],
            [
              85.012882,
              27.809326,
              374.611
            ],
            [
              85.012105,
              27.809421,
              387.309
            ],
            [
              85.011874,
              27.809684,
              381.992
            ],
            [
              85.011522,
              27.81134,
              394.054
            ],
            [
              85.012068,
              27.813182,
              382.266
            ],
            [
              85.013396,
              27.815175,
              374.379
            ],
            [
              85.013986,
              27.816625,
              399.628
            ],
            [
              85.014919,
              27.819798,
              382.198
            ],
            [
              85.015372,
              27.820456,
              381.289
            ],
            [
              85.015579,
              27.821195,
              385.034
            ],
            [
              85.015807,
              27.823479,
              383.655
            ],
            [
              85.016084,
              27.824458,
              377.658
            ],
            [
              85.015685,
              27.825902,
              388.654
            ],
            [
              85.015785,
              27.826893,
              383.474
            ],
            [
              85.016937,
              27.828061,
              376.201
            ],
            [
              85.018984,
              27.829651,
              395.449
            ],
            [
              85.020822,
              27.833506,
              387.869
            ],
            [
              85.02074,
              27.833727,
              384.551
            ],
            [
              85.020516,
              27.833798,
              381.735
            ],
            [
              85.019847,
              27.833495,
              385.471
            ],
            [
              85.018131,
              27.833203,
              388.689
            ],
            [
              85.017555,
              27.833295,
              381.995
            ],
            [
              85.017301,
              27.833703,
              383.624
            ],
            [
              85.017455,
              27.834033,
              391.336
            ],
            [
              85.018193,
              27.834864,
              385.644
            ],
            [
              85.018854,
              27.835172,
              385.035
            ],
            [
              85.02041,
              27.835532,
              387.945
            ],
            [
              85.020797,
              27.835749,
              388.143
            ],
            [
              85.021408,
              27.83635,
              381.678
            ],
            [
              85.020873,
              27.837458,
              394.307
            ],
            [
              85.019482,
              27.839791,
              385.561
            ],
            [
              85.018592,
              27.841724,
              406.278
            ],
            [
              85.018294,
              27.843402,
              406.337
            ],
            [
              85.018961,
              27.844982,
              406.164
            ],
            [
              85.020971,
              27.84673,
              388.634
            ],
            [
              85.023857,
              27.848063,
              394.248
            ],
            [
              85.027414,
              27.849112,
              389.079
            ],
            [
              85.028715,
              27.84998,
              391.652
            ],
            [
              85.028813,
              27.850179,
              390.16
            ],
            [
              85.028893,
              27.852221,
              407.395
            ],
            [
              85.029868,
              27.853841,
              412.775
            ],
            [
              85.031855,
              27.855362,
              421.945
            ],
            [
              85.03455,
              27.855581,
              399.38
            ],
            [
              85.041291,
              27.856808,
              407.058
            ],
            [
              85.04384,
              27.857442,
              417.491
            ],
            [
              85.045622,
              27.857117,
              399.498
            ],
            [
              85.046534,
              27.855964,
              398.369
            ],
            [
              85.047412,
              27.855319,
              400.179
            ],
            [
              85.048426,
              27.855262,
              397.644
            ],
            [
              85.0495,
              27.855591,
              398.504
            ],
            [
              85.051129,
              27.85575,
              399.296
            ],
            [
              85.051966,
              27.856143,
              400.392
            ],
            [
              85.054128,
              27.857665,
              405.14
            ],
            [
              85.055638,
              27.858034,
              405.72
            ],
            [
              85.057964,
              27.859306,
              412.285
            ],
            [
              85.059504,
              27.86041,
              417.961
            ],
            [
              85.061023,
              27.860353,
              414.336
            ],
            [
              85.062224,
              27.86064,
              424.708
            ],
            [
              85.065561,
              27.860671,
              422.843
            ],
            [
              85.066127,
              27.86084,
              430.541
            ],
            [
              85.066886,
              27.861479,
              438.181
            ],
            [
              85.067229,
              27.862424,
              431.027
            ],
            [
              85.067388,
              27.862584,
              428.929
            ],
            [
              85.067649,
              27.862308,
              426.355
            ],
            [
              85.068289,
              27.860859,
              411.489
            ],
            [
              85.069233,
              27.860715,
              414.755
            ],
            [
              85.069971,
              27.860814,
              418.042
            ],
            [
              85.071291,
              27.860175,
              419.035
            ],
            [
              85.072323,
              27.85801,
              412.041
            ],
            [
              85.073234,
              27.856574,
              414.532
            ],
            [
              85.072674,
              27.855347,
              415.671
            ],
            [
              85.072684,
              27.855145,
              413.157
            ],
            [
              85.072856,
              27.854998,
              411.931
            ],
            [
              85.073669,
              27.854855,
              418.648
            ],
            [
              85.076121,
              27.8549,
              415.077
            ],
            [
              85.077539,
              27.855674,
              423.738
            ],
            [
              85.078477,
              27.856425,
              433.397
            ],
            [
              85.081597,
              27.857758,
              427.799
            ],
            [
              85.084971,
              27.857592,
              422.551
            ],
            [
              85.087309,
              27.858185,
              423.891
            ],
            [
              85.088241,
              27.859118,
              432.84
            ],
            [
              85.088237,
              27.860572,
              447.873
            ],
            [
              85.088932,
              27.862301,
              425.342
            ],
            [
              85.089789,
              27.862606,
              424.738
            ],
            [
              85.091856,
              27.863702,
              432.807
            ],
            [
              85.092414,
              27.863773,
              429.422
            ],
            [
              85.09298,
              27.863672,
              430.761
            ],
            [
              85.094667,
              27.862233,
              429.703
            ],
            [
              85.0974,
              27.860844,
              422.445
            ],
            [
              85.102744,
              27.859205,
              423.046
            ],
            [
              85.10629,
              27.85965,
              429.251
            ],
            [
              85.109107,
              27.86357,
              438.81
            ],
            [
              85.11162,
              27.866127,
              436.649
            ],
            [
              85.112849,
              27.868704,
              441.704
            ],
            [
              85.114324,
              27.872596,
              441.055
            ],
            [
              85.115251,
              27.873635,
              447.702
            ],
            [
              85.11567,
              27.873798,
              443.737
            ],
            [
              85.116626,
              27.8737,
              454.351
            ],
            [
              85.118043,
              27.873952,
              451.043
            ],
            [
              85.119716,
              27.874873,
              445.126
            ],
            [
              85.121253,
              27.875914,
              439.64
            ],
            [
              85.123524,
              27.876335,
              454.772
            ],
            [
              85.124637,
              27.878289,
              455.362
            ],
            [
              85.126098,
              27.882503,
              492.811
            ],
            [
              85.129755,
              27.885345,
              454.598
            ],
            [
              85.133355,
              27.887929,
              462.015
            ],
            [
              85.135287,
              27.891299,
              472.453
            ],
            [
              85.135078,
              27.894803,
              472.68
            ],
            [
              85.13544,
              27.897095,
              466.029
            ],
            [
              85.136498,
              27.901341,
              471.324
            ],
            [
              85.137213,
              27.90232,
              473.631
            ],
            [
              85.137648,
              27.904664,
              483.964
            ],
            [
              85.137437,
              27.906694,
              481.492
            ],
            [
              85.135706,
              27.910848,
              492.479
            ],
            [
              85.133426,
              27.914579,
              523.989
            ],
            [
              85.133474,
              27.915654,
              519.314
            ],
            [
              85.136018,
              27.917757,
              508.619
            ],
            [
              85.137379,
              27.918458,
              487.358
            ],
            [
              85.137688,
              27.918993,
              483.274
            ],
            [
              85.138308,
              27.919629,
              489.477
            ],
            [
              85.138712,
              27.919724,
              493.468
            ],
            [
              85.139343,
              27.91931,
              494.762
            ],
            [
              85.140424,
              27.919282,
              499.76
            ],
            [
              85.141218,
              27.919716,
              498.319
            ],
            [
              85.142118,
              27.920348,
              496.83
            ],
            [
              85.142641,
              27.920883,
              502.314
            ],
            [
              85.143154,
              27.921149,
              504.721
            ],
            [
              85.145078,
              27.921399,
              500.37
            ],
            [
              85.147127,
              27.922005,
              500.787
            ],
            [
              85.147771,
              27.922313,
              501.948
            ],
            [
              85.148089,
              27.923046,
              504.8
            ],
            [
              85.148103,
              27.924001,
              506.218
            ],
            [
              85.148282,
              27.924329,
              504.217
            ],
            [
              85.148146,
              27.924846,
              511.254
            ],
            [
              85.148757,
              27.925947,
              511.112
            ],
            [
              85.148868,
              27.927289,
              514.144
            ],
            [
              85.14853,
              27.92786,
              509.376
            ],
            [
              85.147702,
              27.928217,
              521.385
            ],
            [
              85.147269,
              27.928859,
              522.903
            ],
            [
              85.147213,
              27.929322,
              520.988
            ],
            [
              85.146893,
              27.929943,
              522.762
            ],
            [
              85.147218,
              27.930535,
              517.511
            ],
            [
              85.147712,
              27.932307,
              514.748
            ],
            [
              85.148437,
              27.934046,
              519.988
            ],
            [
              85.148526,
              27.934584,
              525.832
            ],
            [
              85.148784,
              27.935024,
              527.566
            ],
            [
              85.149485,
              27.934866,
              520.977
            ],
            [
              85.149899,
              27.934933,
              517.68
            ],
            [
              85.150621,
              27.935483,
              521.004
            ],
            [
              85.152823,
              27.936526,
              520.115
            ],
            [
              85.155345,
              27.938499,
              522.56
            ],
            [
              85.156711,
              27.939717,
              527.448
            ],
            [
              85.157098,
              27.940336,
              529.138
            ],
            [
              85.157079,
              27.94093,
              534.36
            ],
            [
              85.157306,
              27.941397,
              532.556
            ],
            [
              85.156957,
              27.941755,
              535.979
            ],
            [
              85.156987,
              27.941969,
              535.415
            ],
            [
              85.157416,
              27.941988,
              536.584
            ],
            [
              85.158307,
              27.94245,
              524.055
            ],
            [
              85.158727,
              27.943736,
              531.497
            ],
            [
              85.159168,
              27.94424,
              533.884
            ],
            [
              85.159271,
              27.945035,
              536.839
            ],
            [
              85.159923,
              27.946044,
              536.107
            ],
            [
              85.159811,
              27.946316,
              533.945
            ],
            [
              85.159242,
              27.946338,
              533.966
            ],
            [
              85.159156,
              27.946568,
              539.273
            ],
            [
              85.159957,
              27.947005,
              543.761
            ],
            [
              85.160853,
              27.947753,
              551.383
            ],
            [
              85.161306,
              27.948782,
              549
            ],
            [
              85.161306,
              27.949148,
              558.285
            ],
            [
              85.161603,
              27.950173,
              545.299
            ],
            [
              85.161532,
              27.950485,
              548.859
            ],
            [
              85.161657,
              27.951003,
              545.648
            ],
            [
              85.161742,
              27.952641,
              567.637
            ],
            [
              85.161564,
              27.953194,
              563.496
            ],
            [
              85.161596,
              27.953748,
              558.047
            ],
            [
              85.161251,
              27.95415,
              581.75
            ],
            [
              85.161228,
              27.954547,
              579.731
            ],
            [
              85.161536,
              27.955126,
              547.953
            ],
            [
              85.161677,
              27.95571,
              559.969
            ],
            [
              85.161093,
              27.956719,
              561.872
            ],
            [
              85.161125,
              27.957018,
              559.379
            ],
            [
              85.161331,
              27.957076,
              563.616
            ],
            [
              85.161813,
              27.956733,
              557.664
            ],
            [
              85.162276,
              27.955747,
              537.643
            ],
            [
              85.162453,
              27.955646,
              536.334
            ],
            [
              85.16265,
              27.955699,
              538.961
            ],
            [
              85.163074,
              27.956117,
              539.422
            ],
            [
              85.163074,
              27.956911,
              555.484
            ],
            [
              85.163456,
              27.957439,
              558.99
            ],
            [
              85.165043,
              27.958124,
              553.992
            ],
            [
              85.165492,
              27.958532,
              559.44
            ],
            [
              85.166595,
              27.958889,
              556.528
            ],
            [
              85.167069,
              27.959199,
              552.214
            ],
            [
              85.167269,
              27.959698,
              560.501
            ],
            [
              85.168143,
              27.961037,
              567.731
            ],
            [
              85.168282,
              27.961636,
              553.935
            ],
            [
              85.168087,
              27.961959,
              590.07
            ],
            [
              85.168388,
              27.962553,
              564.24
            ],
            [
              85.168326,
              27.96351,
              565.388
            ],
            [
              85.16842,
              27.963778,
              564.75
            ],
            [
              85.168574,
              27.963953,
              564.882
            ],
            [
              85.169428,
              27.964143,
              560.084
            ],
            [
              85.16964,
              27.964482,
              566.526
            ],
            [
              85.170152,
              27.964702,
              563.935
            ],
            [
              85.170238,
              27.965084,
              565.542
            ],
            [
              85.17073,
              27.964866,
              563.098
            ],
            [
              85.171359,
              27.96511,
              563.448
            ],
            [
              85.171572,
              27.965686,
              562.977
            ],
            [
              85.171419,
              27.966273,
              567.767
            ],
            [
              85.171526,
              27.966648,
              570.053
            ],
            [
              85.172322,
              27.96701,
              570.429
            ],
            [
              85.17302,
              27.967629,
              571.209
            ],
            [
              85.174009,
              27.96764,
              574.373
            ],
            [
              85.174871,
              27.967799,
              570.03
            ],
            [
              85.175391,
              27.968041,
              575.83
            ],
            [
              85.175636,
              27.968247,
              576.204
            ],
            [
              85.175815,
              27.968641,
              577.069
            ],
            [
              85.176887,
              27.9693,
              578.62
            ],
            [
              85.17954,
              27.970028,
              569.06
            ],
            [
              85.180299,
              27.970483,
              575.247
            ],
            [
              85.181036,
              27.971512,
              581.531
            ],
            [
              85.180622,
              27.972916,
              586.89
            ],
            [
              85.181053,
              27.974732,
              597.948
            ],
            [
              85.181008,
              27.975874,
              601.607
            ],
            [
              85.180029,
              27.978207,
              607.705
            ],
            [
              85.179864,
              27.978862,
              602.283
            ],
            [
              85.178991,
              27.97995,
              601.563
            ],
            [
              85.179353,
              27.986593,
              626.527
            ],
            [
              85.180245,
              27.989005,
              622.96
            ],
            [
              85.180861,
              27.989744,
              616.353
            ],
            [
              85.181379,
              27.992277,
              647.352
            ],
            [
              85.182549,
              27.995498,
              673.568
            ],
            [
              85.183449,
              27.996695,
              642.972
            ],
            [
              85.183924,
              27.997825,
              656.523
            ],
            [
              85.183836,
              27.999086,
              675.623
            ],
            [
              85.18319,
              28.000408,
              685.409
            ],
            [
              85.183113,
              28.00545,
              668.019
            ],
            [
              85.182838,
              28.007008,
              667.642
            ],
            [
              85.181886,
              28.010556,
              657.075
            ],
            [
              85.181754,
              28.01155,
              678.425
            ],
            [
              85.181799,
              28.011978,
              679.296
            ],
            [
              85.182276,
              28.013407,
              665.071
            ],
            [
              85.183566,
              28.014207,
              670.274
            ],
            [
              85.184136,
              28.014791,
              671.956
            ],
            [
              85.185491,
              28.017499,
              685.451
            ],
            [
              85.185069,
              28.018356,
              699.456
            ],
            [
              85.18458,
              28.019027,
              706.882
            ],
            [
              85.184062,
              28.020408,
              720.255
            ],
            [
              85.184133,
              28.022416,
              712.796
            ],
            [
              85.184427,
              28.023324,
              711.594
            ],
            [
              85.185253,
              28.025132,
              714.523
            ],
            [
              85.185733,
              28.025747,
              720.329
            ],
            [
              85.188588,
              28.027553,
              742.406
            ],
            [
              85.191323,
              28.028929,
              764.456
            ],
            [
              85.192449,
              28.030424,
              772.332
            ],
            [
              85.192904,
              28.031718,
              760.067
            ],
            [
              85.193075,
              28.033139,
              782.989
            ],
            [
              85.192761,
              28.034233,
              820.123
            ],
            [
              85.19294,
              28.034829,
              754.981
            ],
            [
              85.19267,
              28.036052,
              763.342
            ],
            [
              85.192711,
              28.037129,
              760.691
            ],
            [
              85.192488,
              28.037778,
              790.873
            ],
            [
              85.192503,
              28.038117,
              811.705
            ],
            [
              85.192819,
              28.038457,
              801.898
            ],
            [
              85.192894,
              28.038778,
              789.464
            ],
            [
              85.192791,
              28.039074,
              788.204
            ],
            [
              85.193251,
              28.039777,
              771.232
            ],
            [
              85.193272,
              28.040304,
              769.771
            ],
            [
              85.193778,
              28.041068,
              783.106
            ],
            [
              85.194184,
              28.041453,
              767.083
            ],
            [
              85.194664,
              28.042159,
              783.922
            ],
            [
              85.197123,
              28.043925,
              785.49
            ],
            [
              85.198134,
              28.044468,
              784.649
            ],
            [
              85.198736,
              28.04523,
              797.842
            ],
            [
              85.200343,
              28.046374,
              791.766
            ],
            [
              85.200729,
              28.046805,
              799.221
            ],
            [
              85.201122,
              28.047726,
              813.171
            ],
            [
              85.20191,
              28.048717,
              810.941
            ],
            [
              85.202047,
              28.049168,
              826.814
            ],
            [
              85.202642,
              28.050078,
              815.615
            ],
            [
              85.202903,
              28.050899,
              862.02
            ],
            [
              85.205211,
              28.05323,
              818.617
            ],
            [
              85.205436,
              28.053616,
              837.688
            ],
            [
              85.206005,
              28.053986,
              816.891
            ],
            [
              85.206636,
              28.05478,
              818.814
            ],
            [
              85.20662,
              28.055144,
              839.361
            ],
            [
              85.207321,
              28.056514,
              831.723
            ],
            [
              85.207409,
              28.057482,
              802.487
            ],
            [
              85.207226,
              28.058002,
              919.55
            ],
            [
              85.207366,
              28.058427,
              938.108
            ],
            [
              85.207283,
              28.05936,
              972.288
            ],
            [
              85.206271,
              28.060763,
              1018.063
            ],
            [
              85.206266,
              28.062053,
              1034.396
            ],
            [
              85.205666,
              28.062711,
              1049.896
            ],
            [
              85.206019,
              28.062931,
              1038.816
            ],
            [
              85.206074,
              28.063363,
              1035.381
            ],
            [
              85.205376,
              28.064876,
              1041.092
            ],
            [
              85.205144,
              28.06618,
              1027.862
            ],
            [
              85.204765,
              28.066895,
              1041.972
            ],
            [
              85.204552,
              28.067603,
              1049.484
            ],
            [
              85.204621,
              28.068455,
              1038.417
            ],
            [
              85.204857,
              28.069082,
              1013.922
            ],
            [
              85.205294,
              28.069503,
              977.634
            ],
            [
              85.20574,
              28.07045,
              942.779
            ],
            [
              85.206351,
              28.071304,
              902.552
            ],
            [
              85.206712,
              28.073092,
              903.266
            ],
            [
              85.207677,
              28.07369,
              909.582
            ],
            [
              85.209345,
              28.075079,
              954.001
            ],
            [
              85.210227,
              28.07531,
              901.548
            ],
            [
              85.211073,
              28.075694,
              911.741
            ],
            [
              85.211182,
              28.075897,
              918.729
            ],
            [
              85.211108,
              28.076352,
              941.255
            ],
            [
              85.211256,
              28.076559,
              941.558
            ],
            [
              85.2121,
              28.076403,
              922.8
            ],
            [
              85.213841,
              28.07705,
              937.995
            ],
            [
              85.214408,
              28.077781,
              945.63
            ],
            [
              85.215568,
              28.078453,
              949.626
            ],
            [
              85.216107,
              28.07893,
              960.568
            ],
            [
              85.216165,
              28.079532,
              995.479
            ],
            [
              85.216699,
              28.079558,
              964.077
            ],
            [
              85.216869,
              28.079668,
              954
            ],
            [
              85.217015,
              28.079944,
              974.784
            ],
            [
              85.216984,
              28.080143,
              999.858
            ],
            [
              85.216277,
              28.080503,
              1065.487
            ],
            [
              85.216284,
              28.080708,
              1083.684
            ],
            [
              85.216894,
              28.080626,
              1069.478
            ],
            [
              85.217154,
              28.08093,
              1076.457
            ],
            [
              85.217499,
              28.080858,
              1025.53
            ],
            [
              85.218025,
              28.080991,
              980.576
            ],
            [
              85.21862,
              28.08159,
              989.179
            ],
            [
              85.218629,
              28.08195,
              1030.68
            ],
            [
              85.218998,
              28.081893,
              994.236
            ],
            [
              85.219817,
              28.082342,
              1008.766
            ],
            [
              85.22058,
              28.083288,
              1091.44
            ],
            [
              85.22072,
              28.083299,
              1089.526
            ],
            [
              85.221126,
              28.082676,
              1009.589
            ],
            [
              85.222051,
              28.082727,
              986.607
            ],
            [
              85.222822,
              28.083118,
              981.855
            ],
            [
              85.223396,
              28.083826,
              1074.607
            ],
            [
              85.22375,
              28.084007,
              1071.807
            ],
            [
              85.224005,
              28.083913,
              1013.172
            ],
            [
              85.224437,
              28.08404,
              982.118
            ],
            [
              85.225196,
              28.084638,
              1010.806
            ],
            [
              85.225832,
              28.084978,
              1004.435
            ],
            [
              85.226075,
              28.085378,
              1023.398
            ],
            [
              85.226137,
              28.085931,
              1074.895
            ],
            [
              85.226502,
              28.08648,
              1069.648
            ],
            [
              85.227355,
              28.086954,
              1023.994
            ],
            [
              85.227573,
              28.087405,
              1066.892
            ],
            [
              85.228118,
              28.087669,
              1035.426
            ],
            [
              85.228492,
              28.087713,
              1010.634
            ],
            [
              85.228769,
              28.088028,
              1030.234
            ],
            [
              85.229043,
              28.088124,
              1013.216
            ],
            [
              85.229279,
              28.08848,
              1033.712
            ],
            [
              85.229781,
              28.088813,
              1044.867
            ],
            [
              85.230457,
              28.088984,
              1041.019
            ],
            [
              85.23105,
              28.089838,
              1061.425
            ],
            [
              85.231547,
              28.090191,
              1056.934
            ],
            [
              85.232118,
              28.090449,
              1042.572
            ],
            [
              85.232432,
              28.090394,
              1029.217
            ],
            [
              85.233035,
              28.090631,
              1031.061
            ],
            [
              85.233139,
              28.090843,
              1047.669
            ],
            [
              85.233012,
              28.091235,
              1076.72
            ],
            [
              85.233675,
              28.091509,
              1081.778
            ],
            [
              85.233972,
              28.091964,
              1110.34
            ],
            [
              85.234157,
              28.09203,
              1116.286
            ],
            [
              85.235676,
              28.09187,
              1040.67
            ],
            [
              85.236761,
              28.092051,
              1048.91
            ],
            [
              85.237336,
              28.091946,
              1036.302
            ],
            [
              85.238783,
              28.09223,
              1038.048
            ],
            [
              85.239432,
              28.092756,
              1069.427
            ],
            [
              85.241149,
              28.092796,
              1073.576
            ],
            [
              85.241719,
              28.092933,
              1064.3
            ],
            [
              85.243644,
              28.09303,
              1052.769
            ],
            [
              85.245217,
              28.092809,
              1047.399
            ],
            [
              85.246511,
              28.092947,
              1061.337
            ],
            [
              85.247553,
              28.092807,
              1057.954
            ],
            [
              85.248535,
              28.092821,
              1082.781
            ],
            [
              85.249793,
              28.093245,
              1107.248
            ],
            [
              85.25162,
              28.093502,
              1089.232
            ],
            [
              85.252106,
              28.093907,
              1132.191
            ],
            [
              85.253009,
              28.094158,
              1118.039
            ],
            [
              85.255397,
              28.095403,
              1110.276
            ],
            [
              85.256616,
              28.095579,
              1117.229
            ],
            [
              85.257167,
              28.095769,
              1134.575
            ],
            [
              85.258751,
              28.095773,
              1102.348
            ],
            [
              85.260088,
              28.096256,
              1112.565
            ],
            [
              85.260517,
              28.096783,
              1137.855
            ],
            [
              85.26162,
              28.097667,
              1174.442
            ],
            [
              85.263,
              28.098321,
              1142.585
            ],
            [
              85.263318,
              28.098778,
              1152.428
            ],
            [
              85.263685,
              28.10006,
              1190.19
            ],
            [
              85.264534,
              28.100911,
              1200.797
            ],
            [
              85.265226,
              28.101205,
              1185.82
            ],
            [
              85.265507,
              28.101592,
              1189.667
            ],
            [
              85.266754,
              28.102746,
              1205.389
            ],
            [
              85.267722,
              28.103346,
              1184.579
            ],
            [
              85.268378,
              28.103534,
              1177.342
            ],
            [
              85.268991,
              28.104134,
              1186.738
            ],
            [
              85.269969,
              28.104541,
              1168.46
            ],
            [
              85.270687,
              28.105497,
              1186.585
            ],
            [
              85.270991,
              28.106231,
              1211.799
            ],
            [
              85.272166,
              28.107268,
              1209.53
            ],
            [
              85.273038,
              28.107683,
              1205.871
            ],
            [
              85.273491,
              28.107673,
              1200.964
            ],
            [
              85.273767,
              28.107788,
              1191.383
            ],
            [
              85.274074,
              28.108134,
              1200.587
            ],
            [
              85.274896,
              28.109566,
              1215.558
            ],
            [
              85.275564,
              28.109664,
              1192.133
            ],
            [
              85.275923,
              28.109455,
              1179.995
            ],
            [
              85.276487,
              28.109826,
              1182.481
            ],
            [
              85.276559,
              28.110035,
              1190.63
            ],
            [
              85.276398,
              28.110399,
              1214.693
            ],
            [
              85.276329,
              28.111215,
              1243.702
            ],
            [
              85.276983,
              28.11173,
              1207.765
            ],
            [
              85.276892,
              28.112936,
              1240.779
            ],
            [
              85.277111,
              28.113659,
              1270.846
            ],
            [
              85.277405,
              28.113966,
              1295.013
            ],
            [
              85.277772,
              28.114148,
              1317.311
            ],
            [
              85.278059,
              28.114057,
              1317.614
            ],
            [
              85.278191,
              28.113575,
              1294.577
            ],
            [
              85.27813,
              28.113177,
              1270.582
            ],
            [
              85.278351,
              28.112977,
              1264.754
            ],
            [
              85.279021,
              28.113082,
              1260.902
            ],
            [
              85.279139,
              28.113251,
              1270.905
            ],
            [
              85.279175,
              28.113693,
              1286.464
            ],
            [
              85.279287,
              28.113733,
              1283.453
            ],
            [
              85.279805,
              28.113533,
              1255.471
            ],
            [
              85.280204,
              28.113556,
              1251.985
            ],
            [
              85.280439,
              28.11388,
              1260.547
            ],
            [
              85.280876,
              28.114131,
              1245.687
            ],
            [
              85.280916,
              28.114593,
              1259.26
            ],
            [
              85.281366,
              28.115189,
              1258.24
            ],
            [
              85.281553,
              28.115803,
              1254.193
            ],
            [
              85.281494,
              28.116095,
              1265.456
            ],
            [
              85.281725,
              28.116383,
              1262.393
            ],
            [
              85.281796,
              28.116766,
              1282.999
            ],
            [
              85.282401,
              28.116631,
              1234.312
            ],
            [
              85.28259,
              28.116982,
              1250.933
            ],
            [
              85.283467,
              28.117432,
              1241.355
            ],
            [
              85.283898,
              28.117909,
              1251.824
            ],
            [
              85.284715,
              28.117885,
              1232.615
            ],
            [
              85.285361,
              28.118205,
              1234.274
            ],
            [
              85.285679,
              28.118513,
              1248.721
            ],
            [
              85.286717,
              28.118622,
              1220.452
            ],
            [
              85.287186,
              28.118839,
              1221.129
            ],
            [
              85.287419,
              28.119078,
              1231.425
            ],
            [
              85.287453,
              28.119487,
              1265.573
            ],
            [
              85.287821,
              28.120273,
              1267.158
            ],
            [
              85.28777,
              28.120656,
              1279.69
            ],
            [
              85.288164,
              28.121153,
              1275.809
            ],
            [
              85.288544,
              28.121372,
              1269.773
            ],
            [
              85.289249,
              28.121424,
              1264.621
            ],
            [
              85.290314,
              28.121919,
              1273.523
            ],
            [
              85.290527,
              28.122126,
              1256.015
            ],
            [
              85.290633,
              28.122698,
              1288.778
            ],
            [
              85.290924,
              28.122946,
              1319.663
            ],
            [
              85.292147,
              28.123477,
              1275.62
            ],
            [
              85.294146,
              28.125407,
              1300.839
            ],
            [
              85.296263,
              28.126352,
              1284.604
            ],
            [
              85.297002,
              28.12685,
              1259.573
            ],
            [
              85.297695,
              28.127831,
              1300.526
            ],
            [
              85.298139,
              28.128852,
              1337.457
            ],
            [
              85.299101,
              28.129551,
              1313.121
            ],
            [
              85.299372,
              28.129871,
              1306.547
            ],
            [
              85.299671,
              28.131153,
              1322.925
            ],
            [
              85.299535,
              28.131885,
              1367.314
            ],
            [
              85.300116,
              28.132733,
              1369.476
            ],
            [
              85.300997,
              28.133403,
              1294.465
            ],
            [
              85.303234,
              28.136123,
              1415.901
            ],
            [
              85.304185,
              28.137885,
              1394.659
            ],
            [
              85.304536,
              28.138917,
              1405.166
            ],
            [
              85.306829,
              28.141433,
              1471.152
            ],
            [
              85.307489,
              28.141851,
              1436.224
            ],
            [
              85.308418,
              28.142224,
              1339.949
            ],
            [
              85.309476,
              28.143104,
              1378.312
            ],
            [
              85.30994,
              28.143262,
              1367.981
            ],
            [
              85.310928,
              28.143354,
              1379.276
            ],
            [
              85.311365,
              28.143572,
              1385.272
            ],
            [
              85.311806,
              28.144423,
              1424.037
            ],
            [
              85.312647,
              28.145486,
              1466.706
            ],
            [
              85.31336,
              28.146016,
              1473.454
            ],
            [
              85.317439,
              28.148095,
              1431.987
            ],
            [
              85.319112,
              28.149152,
              1381.107
            ],
            [
              85.321568,
              28.150937,
              1407.5
            ],
            [
              85.323217,
              28.15124,
              1405.841
            ],
            [
              85.324364,
              28.151805,
              1409.048
            ],
            [
              85.325249,
              28.152465,
              1410.387
            ],
            [
              85.325786,
              28.153101,
              1416.172
            ],
            [
              85.327995,
              28.155142,
              1401.411
            ],
            [
              85.329233,
              28.15609,
              1447.954
            ],
            [
              85.330466,
              28.156763,
              1450.324
            ],
            [
              85.331951,
              28.15842,
              1497.423
            ],
            [
              85.333137,
              28.159174,
              1477.836
            ],
            [
              85.334587,
              28.159825,
              1421.796
            ],
            [
              85.335205,
              28.160696,
              1432.073
            ],
            [
              85.335483,
              28.161331,
              1442.066
            ],
            [
              85.336667,
              28.162604,
              1439.317
            ],
            [
              85.336922,
              28.163541,
              1441.886
            ],
            [
              85.338059,
              28.164595,
              1441.787
            ],
            [
              85.339995,
              28.165151,
              1436.057
            ],
            [
              85.340599,
              28.165531,
              1442.851
            ],
            [
              85.340856,
              28.165892,
              1446.503
            ],
            [
              85.340915,
              28.166623,
              1450.37
            ],
            [
              85.3415,
              28.167302,
              1457.012
            ],
            [
              85.342001,
              28.172972,
              1463.264
            ],
            [
              85.341966,
              28.175705,
              1463.043
            ],
            [
              85.342103,
              28.178062,
              1463.859
            ],
            [
              85.341981,
              28.178795,
              1477.561
            ],
            [
              85.341252,
              28.180622,
              1488.841
            ],
            [
              85.340557,
              28.181254,
              1492.525
            ],
            [
              85.339547,
              28.181844,
              1467.246
            ],
            [
              85.339494,
              28.182259,
              1468.025
            ],
            [
              85.339928,
              28.182693,
              1488.776
            ],
            [
              85.340367,
              28.182916,
              1500.996
            ],
            [
              85.341305,
              28.18266,
              1495.158
            ],
            [
              85.342067,
              28.182622,
              1499.656
            ],
            [
              85.342368,
              28.182947,
              1499.633
            ],
            [
              85.342431,
              28.183267,
              1503.927
            ],
            [
              85.343066,
              28.183823,
              1507.609
            ],
            [
              85.343335,
              28.184372,
              1523.598
            ],
            [
              85.343414,
              28.184814,
              1525.082
            ],
            [
              85.343804,
              28.185228,
              1501.474
            ],
            [
              85.344208,
              28.186099,
              1521.661
            ],
            [
              85.344667,
              28.18651,
              1507.774
            ],
            [
              85.34508,
              28.1872,
              1532.028
            ],
            [
              85.345184,
              28.187974,
              1566.789
            ],
            [
              85.345602,
              28.188751,
              1570.199
            ],
            [
              85.345508,
              28.189232,
              1583.735
            ],
            [
              85.345578,
              28.189541,
              1593.703
            ],
            [
              85.346906,
              28.190408,
              1511.669
            ],
            [
              85.347265,
              28.191201,
              1552.938
            ],
            [
              85.347682,
              28.191655,
              1537.36
            ],
            [
              85.34793,
              28.192511,
              1546.177
            ],
            [
              85.348786,
              28.194247,
              1498.887
            ],
            [
              85.348723,
              28.194626,
              1504.237
            ],
            [
              85.349056,
              28.195268,
              1491.747
            ],
            [
              85.349234,
              28.196234,
              1532.929
            ],
            [
              85.349634,
              28.197166,
              1519.53
            ],
            [
              85.349972,
              28.197424,
              1532.067
            ],
            [
              85.350577,
              28.197601,
              1517.841
            ],
            [
              85.351141,
              28.198353,
              1523.29
            ],
            [
              85.351834,
              28.199945,
              1532.653
            ],
            [
              85.35171,
              28.20111,
              1564.273
            ],
            [
              85.351924,
              28.201603,
              1543.001
            ],
            [
              85.35199,
              28.202845,
              1564.768
            ],
            [
              85.352838,
              28.20452,
              1576.882
            ],
            [
              85.353234,
              28.204799,
              1568.59
            ],
            [
              85.353389,
              28.205165,
              1573.759
            ],
            [
              85.353782,
              28.205428,
              1531.467
            ],
            [
              85.354003,
              28.206354,
              1560.959
            ],
            [
              85.353844,
              28.207056,
              1625.846
            ],
            [
              85.353822,
              28.20785,
              1566.163
            ],
            [
              85.353445,
              28.20808,
              1585.825
            ],
            [
              85.353193,
              28.208472,
              1587.228
            ],
            [
              85.353126,
              28.209181,
              1580.179
            ],
            [
              85.352669,
              28.209813,
              1599.893
            ],
            [
              85.353039,
              28.210079,
              1596.965
            ],
            [
              85.353297,
              28.210778,
              1613.943
            ],
            [
              85.353697,
              28.211174,
              1580.766
            ],
            [
              85.353805,
              28.21147,
              1582.412
            ],
            [
              85.35409,
              28.214202,
              1613.093
            ],
            [
              85.35403,
              28.215334,
              1627.088
            ],
            [
              85.354143,
              28.21634,
              1637.621
            ],
            [
              85.354018,
              28.216571,
              1653.466
            ],
            [
              85.353665,
              28.216669,
              1679.724
            ],
            [
              85.353668,
              28.216923,
              1682.129
            ],
            [
              85.354262,
              28.217134,
              1645.406
            ],
            [
              85.354575,
              28.217381,
              1623.313
            ],
            [
              85.355277,
              28.218357,
              1623.062
            ],
            [
              85.356136,
              28.219149,
              1609.606
            ],
            [
              85.356333,
              28.219521,
              1619.906
            ],
            [
              85.357006,
              28.219911,
              1614.336
            ],
            [
              85.357257,
              28.220283,
              1630.927
            ],
            [
              85.357296,
              28.221014,
              1646.105
            ],
            [
              85.357478,
              28.221451,
              1662.129
            ],
            [
              85.357775,
              28.221594,
              1638.943
            ],
            [
              85.358035,
              28.222106,
              1660.244
            ],
            [
              85.359055,
              28.222724,
              1620.698
            ],
            [
              85.359229,
              28.22312,
              1644.818
            ],
            [
              85.359767,
              28.223733,
              1614.836
            ],
            [
              85.359783,
              28.224038,
              1624.596
            ],
            [
              85.360052,
              28.224373,
              1611.497
            ],
            [
              85.359939,
              28.224808,
              1633.543
            ],
            [
              85.360256,
              28.225761,
              1628.348
            ],
            [
              85.36017,
              28.227057,
              1643.657
            ],
            [
              85.360269,
              28.228732,
              1646.106
            ],
            [
              85.360039,
              28.229021,
              1643.614
            ],
            [
              85.360021,
              28.229617,
              1637.281
            ],
            [
              85.359797,
              28.230536,
              1636.242
            ],
            [
              85.359833,
              28.231026,
              1626.089
            ],
            [
              85.359386,
              28.231552,
              1657.549
            ],
            [
              85.359483,
              28.23207,
              1647.695
            ],
            [
              85.359125,
              28.232924,
              1670.1
            ],
            [
              85.358817,
              28.233171,
              1675.878
            ],
            [
              85.358683,
              28.233646,
              1667.297
            ],
            [
              85.357982,
              28.234519,
              1688.276
            ],
            [
              85.357936,
              28.23494,
              1669.233
            ],
            [
              85.357647,
              28.235655,
              1663.355
            ],
            [
              85.357214,
              28.235833,
              1699.187
            ],
            [
              85.356912,
              28.236236,
              1732.955
            ],
            [
              85.356866,
              28.23643,
              1731.302
            ],
            [
              85.357105,
              28.23733,
              1692.897
            ],
            [
              85.356792,
              28.237766,
              1719.226
            ],
            [
              85.356884,
              28.237941,
              1707.471
            ],
            [
              85.357162,
              28.238061,
              1678.802
            ],
            [
              85.357242,
              28.238339,
              1666.666
            ],
            [
              85.357127,
              28.23916,
              1677.988
            ],
            [
              85.356849,
              28.239799,
              1681.977
            ],
            [
              85.356911,
              28.240373,
              1672.271
            ],
            [
              85.356678,
              28.242167,
              1698.528
            ],
            [
              85.358493,
              28.244443,
              1718.842
            ],
            [
              85.360444,
              28.245779,
              1697.84
            ],
            [
              85.36169,
              28.246895,
              1710.079
            ],
            [
              85.362457,
              28.247333,
              1713.038
            ],
            [
              85.362824,
              28.247946,
              1737.07
            ],
            [
              85.362877,
              28.248229,
              1744.268
            ],
            [
              85.363839,
              28.24931,
              1679.212
            ],
            [
              85.363696,
              28.2516,
              1680.953
            ],
            [
              85.363405,
              28.251946,
              1690.585
            ],
            [
              85.362597,
              28.252259,
              1735.56
            ],
            [
              85.362378,
              28.252464,
              1742.802
            ],
            [
              85.362374,
              28.252616,
              1746.225
            ],
            [
              85.362583,
              28.252726,
              1738.477
            ],
            [
              85.363412,
              28.25267,
              1687.957
            ],
            [
              85.36377,
              28.252993,
              1678.849
            ],
            [
              85.363878,
              28.254289,
              1710.83
            ],
            [
              85.363658,
              28.255537,
              1762.146
            ],
            [
              85.363892,
              28.255935,
              1757.849
            ],
            [
              85.364084,
              28.257102,
              1783.442
            ],
            [
              85.364308,
              28.257462,
              1777.898
            ],
            [
              85.364639,
              28.257697,
              1765.412
            ],
            [
              85.364731,
              28.258097,
              1781.029
            ],
            [
              85.365222,
              28.258484,
              1766.132
            ],
            [
              85.365712,
              28.258655,
              1749.818
            ],
            [
              85.366387,
              28.259084,
              1748.098
            ],
            [
              85.366671,
              28.259509,
              1775.6
            ],
            [
              85.367184,
              28.259731,
              1734.862
            ],
            [
              85.36763,
              28.260198,
              1758.44
            ],
            [
              85.368694,
              28.260305,
              1754.462
            ],
            [
              85.370312,
              28.260929,
              1716.464
            ],
            [
              85.370752,
              28.261493,
              1757.427
            ],
            [
              85.371983,
              28.264731,
              1814.047
            ],
            [
              85.37285,
              28.265872,
              1792.315
            ],
            [
              85.374842,
              28.267077,
              1770.989
            ],
            [
              85.375487,
              28.268143,
              1796.618
            ],
            [
              85.375982,
              28.270885,
              1793.537
            ],
            [
              85.376415,
              28.272311,
              1781.589
            ],
            [
              85.376246,
              28.273564,
              1797.503
            ],
            [
              85.375505,
              28.275142,
              1831.202
            ],
            [
              85.375404,
              28.275876,
              1836.146
            ],
            [
              85.375549,
              28.27652,
              1827.306
            ],
            [
              85.376107,
              28.277669,
              1803.685
            ],
            [
              85.376222,
              28.278442,
              1803.724
            ],
            [
              85.375578,
              28.279959,
              1831.851
            ],
            [
              85.375476,
              28.280699,
              1815.09
            ],
            [
              85.379088,
              28.280452,
              1886.584
            ],
            [
              85.379843,
              28.279611,
              1814.532
            ],
            [
              85.379756,
              28.278944,
              1821.487
            ],
            [
              85.378369,
              28.277426,
              1811.728
            ],
            [
              85.378296,
              28.276492,
              1823.512
            ],
            [
              85.378566,
              28.275679,
              1842.944
            ],
            [
              85.378725,
              28.274559,
              1821.744
            ],
            [
              85.379465,
              28.272749,
              1823.828
            ],
            [
              85.379451,
              28.271305,
              1802.274
            ],
            [
              85.378261,
              28.268295,
              1836.633
            ],
            [
              85.377454,
              28.266968,
              1790.655
            ],
            [
              85.377448,
              28.266493,
              1788.962
            ],
            [
              85.378319,
              28.265654,
              1811.066
            ],
            [
              85.378073,
              28.264653,
              1804.967
            ],
            [
              85.375164,
              28.263849,
              1797.075
            ],
            [
              85.374361,
              28.263151,
              1778.714
            ],
            [
              85.373604,
              28.261389,
              1831.926
            ],
            [
              85.373038,
              28.260722,
              1820.604
            ],
            [
              85.370916,
              28.260029,
              1705.123
            ],
            [
              85.369387,
              28.258634,
              1730.451
            ],
            [
              85.367918,
              28.25774,
              1713.714
            ],
            [
              85.367379,
              28.257051,
              1708.295
            ],
            [
              85.367088,
              28.256368,
              1709.932
            ],
            [
              85.367073,
              28.255857,
              1712.119
            ],
            [
              85.36729,
              28.255222,
              1712.703
            ],
            [
              85.367034,
              28.253117,
              1713.699
            ],
            [
              85.367189,
              28.252305,
              1720.803
            ],
            [
              85.367007,
              28.251381,
              1707.561
            ],
            [
              85.367027,
              28.250981,
              1712.482
            ],
            [
              85.367206,
              28.25062,
              1729.891
            ],
            [
              85.366937,
              28.250468,
              1714.271
            ],
            [
              85.366795,
              28.250003,
              1719.585
            ],
            [
              85.366523,
              28.24978,
              1702.728
            ],
            [
              85.365895,
              28.248348,
              1719.558
            ],
            [
              85.365514,
              28.247821,
              1726.211
            ],
            [
              85.364732,
              28.247237,
              1688.203
            ],
            [
              85.363729,
              28.245962,
              1697.454
            ],
            [
              85.363368,
              28.245103,
              1736.568
            ],
            [
              85.362674,
              28.24492,
              1685.871
            ],
            [
              85.362053,
              28.244423,
              1712.189
            ],
            [
              85.361149,
              28.244262,
              1664.423
            ],
            [
              85.360679,
              28.243964,
              1680.534
            ],
            [
              85.359651,
              28.242836,
              1682.903
            ],
            [
              85.359571,
              28.242486,
              1691.384
            ],
            [
              85.359306,
              28.242167,
              1695.339
            ],
            [
              85.359548,
              28.240666,
              1671.057
            ],
            [
              85.359384,
              28.240189,
              1667.331
            ],
            [
              85.359694,
              28.239656,
              1689.059
            ],
            [
              85.359458,
              28.238765,
              1673.329
            ],
            [
              85.359832,
              28.237256,
              1668.659
            ],
            [
              85.360045,
              28.236992,
              1679.812
            ],
            [
              85.360056,
              28.236234,
              1668.929
            ],
            [
              85.360301,
              28.235687,
              1674.469
            ],
            [
              85.360208,
              28.23522,
              1654.267
            ],
            [
              85.360741,
              28.234428,
              1663.634
            ],
            [
              85.360911,
              28.233877,
              1676.314
            ],
            [
              85.361676,
              28.232947,
              1695.277
            ],
            [
              85.361667,
              28.23202,
              1670.872
            ],
            [
              85.361508,
              28.231419,
              1654.246
            ],
            [
              85.361542,
              28.230801,
              1663.2
            ],
            [
              85.36218,
              28.228401,
              1674.09
            ],
            [
              85.362167,
              28.227298,
              1635.1
            ],
            [
              85.362414,
              28.22693,
              1631.32
            ],
            [
              85.363193,
              28.226907,
              1673.894
            ],
            [
              85.363618,
              28.226731,
              1692.161
            ],
            [
              85.363998,
              28.226271,
              1706.474
            ],
            [
              85.36391,
              28.226116,
              1703.53
            ],
            [
              85.3638,
              28.226139,
              1698.791
            ],
            [
              85.362951,
              28.226604,
              1651.701
            ],
            [
              85.362718,
              28.226524,
              1634.927
            ],
            [
              85.362367,
              28.226123,
              1619.476
            ],
            [
              85.362231,
              28.224808,
              1617.919
            ],
            [
              85.362437,
              28.224128,
              1649.312
            ],
            [
              85.362269,
              28.223939,
              1628.573
            ],
            [
              85.362158,
              28.223395,
              1641.249
            ],
            [
              85.362224,
              28.222723,
              1659.619
            ],
            [
              85.361915,
              28.222429,
              1634.611
            ],
            [
              85.361917,
              28.222042,
              1654.669
            ],
            [
              85.362053,
              28.221752,
              1677.352
            ],
            [
              85.361038,
              28.22133,
              1652.553
            ],
            [
              85.360844,
              28.220816,
              1665.727
            ],
            [
              85.360409,
              28.220928,
              1620.167
            ],
            [
              85.359419,
              28.220431,
              1607.105
            ],
            [
              85.35827,
              28.219208,
              1600.013
            ],
            [
              85.358002,
              28.219079,
              1585.194
            ],
            [
              85.357711,
              28.218727,
              1604.881
            ],
            [
              85.357351,
              28.218624,
              1601.189
            ],
            [
              85.357131,
              28.218184,
              1612.147
            ],
            [
              85.357057,
              28.217629,
              1618.037
            ],
            [
              85.356569,
              28.217059,
              1588.997
            ],
            [
              85.355758,
              28.215721,
              1593.302
            ],
            [
              85.355839,
              28.214716,
              1599.497
            ],
            [
              85.355724,
              28.214265,
              1575.389
            ],
            [
              85.355837,
              28.213398,
              1583.047
            ],
            [
              85.355601,
              28.212505,
              1564.752
            ],
            [
              85.355966,
              28.212066,
              1588.728
            ],
            [
              85.355236,
              28.211353,
              1556.719
            ],
            [
              85.355202,
              28.210195,
              1568.637
            ],
            [
              85.355318,
              28.208924,
              1571.528
            ],
            [
              85.355635,
              28.208327,
              1578.066
            ],
            [
              85.355776,
              28.207748,
              1565.854
            ],
            [
              85.355931,
              28.20624,
              1569.153
            ],
            [
              85.355666,
              28.205242,
              1573.527
            ],
            [
              85.355158,
              28.204411,
              1564.488
            ],
            [
              85.354219,
              28.203244,
              1542.449
            ],
            [
              85.354018,
              28.202475,
              1543.76
            ],
            [
              85.354087,
              28.202186,
              1554.021
            ],
            [
              85.353621,
              28.201532,
              1523.449
            ],
            [
              85.353598,
              28.201263,
              1526.536
            ],
            [
              85.353737,
              28.200918,
              1540.085
            ],
            [
              85.354138,
              28.200655,
              1556.904
            ],
            [
              85.354136,
              28.200497,
              1554.437
            ],
            [
              85.353536,
              28.200128,
              1525.631
            ],
            [
              85.353481,
              28.199295,
              1554.01
            ],
            [
              85.353097,
              28.198549,
              1532.454
            ],
            [
              85.353098,
              28.197934,
              1564.271
            ],
            [
              85.352645,
              28.197677,
              1536.594
            ],
            [
              85.351248,
              28.196119,
              1520.176
            ],
            [
              85.35106,
              28.19514,
              1510.689
            ],
            [
              85.351223,
              28.194797,
              1518.493
            ],
            [
              85.351182,
              28.194602,
              1518.052
            ],
            [
              85.349713,
              28.191997,
              1493.903
            ],
            [
              85.34888,
              28.190009,
              1518.867
            ],
            [
              85.348493,
              28.189605,
              1500.847
            ],
            [
              85.347807,
              28.188172,
              1518.891
            ],
            [
              85.347191,
              28.187238,
              1491.502
            ],
            [
              85.346586,
              28.185694,
              1525.828
            ],
            [
              85.346136,
              28.185561,
              1480.715
            ],
            [
              85.345835,
              28.185278,
              1485.514
            ],
            [
              85.345337,
              28.184398,
              1502.903
            ],
            [
              85.345145,
              28.183709,
              1505.31
            ],
            [
              85.344469,
              28.182228,
              1525.198
            ],
            [
              85.343518,
              28.181194,
              1493.046
            ],
            [
              85.343492,
              28.180803,
              1493.839
            ],
            [
              85.343839,
              28.179867,
              1505.29
            ],
            [
              85.343888,
              28.177424,
              1473.719
            ],
            [
              85.343433,
              28.174253,
              1453.039
            ],
            [
              85.343867,
              28.170268,
              1469.627
            ],
            [
              85.343673,
              28.168203,
              1467.395
            ],
            [
              85.343885,
              28.166476,
              1448.673
            ],
            [
              85.343622,
              28.165703,
              1448.431
            ],
            [
              85.343814,
              28.164194,
              1431.461
            ],
            [
              85.343708,
              28.163476,
              1412.886
            ],
            [
              85.343337,
              28.162964,
              1451.613
            ],
            [
              85.341854,
              28.162866,
              1466.075
            ],
            [
              85.340866,
              28.163061,
              1436.077
            ],
            [
              85.340596,
              28.162971,
              1449.584
            ],
            [
              85.34035,
              28.162603,
              1473.042
            ],
            [
              85.339964,
              28.162352,
              1458.3
            ],
            [
              85.338557,
              28.160854,
              1422.831
            ],
            [
              85.337295,
              28.160018,
              1409.491
            ],
            [
              85.336844,
              28.159355,
              1416.774
            ],
            [
              85.336699,
              28.158796,
              1439.611
            ],
            [
              85.336476,
              28.158509,
              1449.067
            ],
            [
              85.336049,
              28.158249,
              1431.35
            ],
            [
              85.33462,
              28.157894,
              1412.213
            ],
            [
              85.334165,
              28.157677,
              1411.933
            ],
            [
              85.333324,
              28.157187,
              1396.479
            ],
            [
              85.331991,
              28.155872,
              1424.577
            ],
            [
              85.330414,
              28.155287,
              1395.812
            ],
            [
              85.328314,
              28.15291,
              1400.049
            ],
            [
              85.327276,
              28.152054,
              1381.92
            ],
            [
              85.32629,
              28.150858,
              1397.25
            ],
            [
              85.32558,
              28.150304,
              1397.335
            ],
            [
              85.324396,
              28.149938,
              1390.765
            ],
            [
              85.323281,
              28.149766,
              1389.311
            ],
            [
              85.322052,
              28.149169,
              1373.336
            ],
            [
              85.321471,
              28.148388,
              1383.254
            ],
            [
              85.320368,
              28.147774,
              1370.259
            ],
            [
              85.319127,
              28.146676,
              1383.2
            ],
            [
              85.315789,
              28.144618,
              1375.314
            ],
            [
              85.313754,
              28.143654,
              1343.536
            ],
            [
              85.313042,
              28.143079,
              1354.763
            ],
            [
              85.312527,
              28.142222,
              1382.846
            ],
            [
              85.311509,
              28.141044,
              1385.408
            ],
            [
              85.310428,
              28.140793,
              1376.858
            ],
            [
              85.309329,
              28.140827,
              1340.619
            ],
            [
              85.307787,
              28.139695,
              1354.608
            ],
            [
              85.307187,
              28.138961,
              1358.106
            ],
            [
              85.306623,
              28.137314,
              1353.56
            ],
            [
              85.306272,
              28.136995,
              1359.804
            ],
            [
              85.305578,
              28.136837,
              1331.398
            ],
            [
              85.305215,
              28.136242,
              1321.252
            ],
            [
              85.304879,
              28.135368,
              1345.913
            ],
            [
              85.303777,
              28.134503,
              1294.406
            ],
            [
              85.302808,
              28.131951,
              1366.884
            ],
            [
              85.30169,
              28.131375,
              1308.549
            ],
            [
              85.301444,
              28.130641,
              1306.188
            ],
            [
              85.301416,
              28.129734,
              1335.493
            ],
            [
              85.301249,
              28.129372,
              1335.323
            ],
            [
              85.29975,
              28.128591,
              1264.632
            ],
            [
              85.29946,
              28.12832,
              1256.261
            ],
            [
              85.299393,
              28.127763,
              1264.552
            ],
            [
              85.299596,
              28.127107,
              1296.515
            ],
            [
              85.299308,
              28.126772,
              1301.78
            ],
            [
              85.298265,
              28.126218,
              1272.17
            ],
            [
              85.297655,
              28.125436,
              1280.75
            ],
            [
              85.297088,
              28.125225,
              1274.601
            ],
            [
              85.295617,
              28.124375,
              1254.827
            ],
            [
              85.292556,
              28.12177,
              1276.512
            ],
            [
              85.292189,
              28.121319,
              1265.638
            ],
            [
              85.291661,
              28.120989,
              1277.581
            ],
            [
              85.290801,
              28.120672,
              1260.723
            ],
            [
              85.289856,
              28.119583,
              1299.159
            ],
            [
              85.289242,
              28.119355,
              1263.73
            ],
            [
              85.288989,
              28.119141,
              1255.107
            ],
            [
              85.288532,
              28.118212,
              1291.694
            ],
            [
              85.286837,
              28.117413,
              1251.144
            ],
            [
              85.285143,
              28.116395,
              1239.682
            ],
            [
              85.284652,
              28.115929,
              1241.234
            ],
            [
              85.28433,
              28.115227,
              1249.006
            ],
            [
              85.283717,
              28.114886,
              1230.862
            ],
            [
              85.283286,
              28.114307,
              1236.432
            ],
            [
              85.282713,
              28.113088,
              1263.868
            ],
            [
              85.281768,
              28.112162,
              1261.793
            ],
            [
              85.280162,
              28.111341,
              1225.263
            ],
            [
              85.279273,
              28.110302,
              1219.288
            ],
            [
              85.279119,
              28.10985,
              1229.318
            ],
            [
              85.277957,
              28.109189,
              1211.401
            ],
            [
              85.277376,
              28.108154,
              1231.933
            ],
            [
              85.276504,
              28.108041,
              1217.784
            ],
            [
              85.27603,
              28.10783,
              1205.093
            ],
            [
              85.274547,
              28.106629,
              1230.863
            ],
            [
              85.273788,
              28.106433,
              1202.625
            ],
            [
              85.273163,
              28.106113,
              1193.064
            ],
            [
              85.272793,
              28.105635,
              1196.252
            ],
            [
              85.272612,
              28.10515,
              1197.533
            ],
            [
              85.271819,
              28.104409,
              1186.16
            ],
            [
              85.271774,
              28.103817,
              1196.124
            ],
            [
              85.271135,
              28.103294,
              1189.219
            ],
            [
              85.270083,
              28.102716,
              1185.454
            ],
            [
              85.268932,
              28.101464,
              1200.908
            ],
            [
              85.268425,
              28.101169,
              1211.167
            ],
            [
              85.267848,
              28.101221,
              1191.283
            ],
            [
              85.267313,
              28.101513,
              1145.141
            ],
            [
              85.267087,
              28.101453,
              1153.401
            ],
            [
              85.266859,
              28.100824,
              1179.995
            ],
            [
              85.266232,
              28.100318,
              1187.44
            ],
            [
              85.265437,
              28.099894,
              1166.273
            ],
            [
              85.264643,
              28.099212,
              1137.105
            ],
            [
              85.264622,
              28.099003,
              1136.22
            ],
            [
              85.264845,
              28.098588,
              1149.814
            ],
            [
              85.264569,
              28.098096,
              1138.329
            ],
            [
              85.264775,
              28.097543,
              1168.202
            ],
            [
              85.264641,
              28.097059,
              1198.981
            ],
            [
              85.263576,
              28.097146,
              1156.984
            ],
            [
              85.262535,
              28.096621,
              1126.523
            ],
            [
              85.261883,
              28.095784,
              1109.226
            ],
            [
              85.261165,
              28.095266,
              1118.783
            ],
            [
              85.258742,
              28.094309,
              1132.719
            ],
            [
              85.257187,
              28.094346,
              1085.386
            ],
            [
              85.256072,
              28.093683,
              1102.282
            ],
            [
              85.252751,
              28.092438,
              1083.199
            ],
            [
              85.252069,
              28.092561,
              1061.609
            ],
            [
              85.251075,
              28.092073,
              1065.772
            ],
            [
              85.249057,
              28.091732,
              1041.031
            ],
            [
              85.246811,
              28.091685,
              1047.086
            ],
            [
              85.245744,
              28.091782,
              1050.962
            ],
            [
              85.24423,
              28.091387,
              1078.709
            ],
            [
              85.243064,
              28.091433,
              1054.857
            ],
            [
              85.241563,
              28.091291,
              1041.563
            ],
            [
              85.240704,
              28.090882,
              1070.259
            ],
            [
              85.239609,
              28.090844,
              1056.226
            ],
            [
              85.239116,
              28.090623,
              1067.156
            ],
            [
              85.238177,
              28.090455,
              1064.796
            ],
            [
              85.237058,
              28.090469,
              1034.954
            ],
            [
              85.234867,
              28.089698,
              1032.125
            ],
            [
              85.233095,
              28.089298,
              1031.272
            ],
            [
              85.232306,
              28.088949,
              1020.315
            ],
            [
              85.231178,
              28.087947,
              1013.614
            ],
            [
              85.230954,
              28.087532,
              1016.146
            ],
            [
              85.230231,
              28.087046,
              1008.393
            ],
            [
              85.230135,
              28.086721,
              1004.214
            ],
            [
              85.230225,
              28.086188,
              1008.81
            ],
            [
              85.22995,
              28.085677,
              1004.422
            ],
            [
              85.229377,
              28.085309,
              1002.851
            ],
            [
              85.229191,
              28.084578,
              1018.847
            ],
            [
              85.228692,
              28.08405,
              1010.158
            ],
            [
              85.227526,
              28.083244,
              1017.286
            ],
            [
              85.227046,
              28.083224,
              1000.01
            ],
            [
              85.226841,
              28.08275,
              1024.715
            ],
            [
              85.226274,
              28.082558,
              1008.154
            ],
            [
              85.22605,
              28.082205,
              1008.87
            ],
            [
              85.225728,
              28.082046,
              1008.824
            ],
            [
              85.225187,
              28.08195,
              1010.956
            ],
            [
              85.224009,
              28.082099,
              993.966
            ],
            [
              85.223262,
              28.081616,
              1003.448
            ],
            [
              85.222707,
              28.081574,
              982.808
            ],
            [
              85.222143,
              28.081369,
              979.504
            ],
            [
              85.221894,
              28.080907,
              999.057
            ],
            [
              85.222098,
              28.080445,
              1041.177
            ],
            [
              85.221121,
              28.080249,
              1013.338
            ],
            [
              85.220645,
              28.080525,
              978.891
            ],
            [
              85.219453,
              28.079926,
              962.648
            ],
            [
              85.218762,
              28.079249,
              955.952
            ],
            [
              85.218638,
              28.07888,
              967.204
            ],
            [
              85.218205,
              28.078551,
              962.866
            ],
            [
              85.218026,
              28.078194,
              974.185
            ],
            [
              85.216939,
              28.077559,
              952.943
            ],
            [
              85.215904,
              28.07666,
              947.727
            ],
            [
              85.215277,
              28.076361,
              941.545
            ],
            [
              85.21434,
              28.075534,
              944.347
            ],
            [
              85.212702,
              28.074653,
              933.797
            ],
            [
              85.21185,
              28.074346,
              922.97
            ],
            [
              85.21109,
              28.073852,
              909.996
            ],
            [
              85.21039,
              28.073141,
              906.025
            ],
            [
              85.210158,
              28.072262,
              903.176
            ],
            [
              85.209875,
              28.071818,
              901.59
            ],
            [
              85.209592,
              28.071672,
              890.947
            ],
            [
              85.209353,
              28.071191,
              906.836
            ],
            [
              85.209071,
              28.071042,
              891.313
            ],
            [
              85.208297,
              28.070206,
              889.098
            ],
            [
              85.208184,
              28.069484,
              917.536
            ],
            [
              85.208042,
              28.069259,
              915.81
            ],
            [
              85.207628,
              28.069038,
              900.483
            ],
            [
              85.206837,
              28.068217,
              907.707
            ],
            [
              85.206771,
              28.06799,
              905.955
            ],
            [
              85.20687,
              28.067423,
              902.732
            ],
            [
              85.206732,
              28.067048,
              927.724
            ],
            [
              85.207154,
              28.066139,
              951.223
            ],
            [
              85.207408,
              28.065955,
              973.349
            ],
            [
              85.207407,
              28.065681,
              990.081
            ],
            [
              85.207606,
              28.06536,
              1001.978
            ],
            [
              85.207468,
              28.064301,
              1020.283
            ],
            [
              85.207553,
              28.063942,
              1027.467
            ],
            [
              85.208159,
              28.062661,
              1046.734
            ],
            [
              85.20853,
              28.061333,
              1040.301
            ],
            [
              85.208855,
              28.060646,
              1037.359
            ],
            [
              85.209398,
              28.060184,
              1047.197
            ],
            [
              85.209421,
              28.060051,
              1045.511
            ],
            [
              85.209231,
              28.059894,
              1035.218
            ],
            [
              85.209144,
              28.059631,
              1025.118
            ],
            [
              85.209099,
              28.059211,
              1012.011
            ],
            [
              85.209276,
              28.05827,
              989.585
            ],
            [
              85.208976,
              28.057571,
              944.04
            ],
            [
              85.209048,
              28.057333,
              937.857
            ],
            [
              85.209638,
              28.05677,
              958.087
            ],
            [
              85.209691,
              28.05656,
              956.167
            ],
            [
              85.209405,
              28.05615,
              893.695
            ],
            [
              85.20937,
              28.055006,
              851.285
            ],
            [
              85.209093,
              28.054423,
              852.63
            ],
            [
              85.209183,
              28.054076,
              868.887
            ],
            [
              85.208686,
              28.053899,
              831.585
            ],
            [
              85.208483,
              28.053524,
              830.746
            ],
            [
              85.208726,
              28.052957,
              901.898
            ],
            [
              85.20847,
              28.052801,
              893.333
            ],
            [
              85.207685,
              28.05269,
              835.814
            ],
            [
              85.207388,
              28.052176,
              828.182
            ],
            [
              85.206552,
              28.051324,
              833.598
            ],
            [
              85.205153,
              28.050293,
              804.582
            ],
            [
              85.205129,
              28.049848,
              810.485
            ],
            [
              85.204473,
              28.049627,
              805.427
            ],
            [
              85.20382,
              28.048764,
              806.474
            ],
            [
              85.203618,
              28.048007,
              807.334
            ],
            [
              85.203113,
              28.046987,
              803.582
            ],
            [
              85.202784,
              28.046803,
              789.289
            ],
            [
              85.202462,
              28.046245,
              800.067
            ],
            [
              85.202114,
              28.046075,
              792.38
            ],
            [
              85.201645,
              28.045533,
              799.57
            ],
            [
              85.201362,
              28.04494,
              811.55
            ],
            [
              85.201053,
              28.044776,
              802.403
            ],
            [
              85.200666,
              28.044309,
              813.788
            ],
            [
              85.200637,
              28.044108,
              824.429
            ],
            [
              85.200769,
              28.043906,
              844.856
            ],
            [
              85.200668,
              28.043728,
              857.589
            ],
            [
              85.199831,
              28.043845,
              802.056
            ],
            [
              85.19806,
              28.042639,
              793.534
            ],
            [
              85.197533,
              28.042443,
              778.77
            ],
            [
              85.196862,
              28.041943,
              775.717
            ],
            [
              85.195797,
              28.040875,
              766.255
            ],
            [
              85.195203,
              28.039985,
              761.107
            ],
            [
              85.194953,
              28.039047,
              759.217
            ],
            [
              85.195151,
              28.038255,
              768.258
            ],
            [
              85.195039,
              28.037398,
              760.995
            ],
            [
              85.195233,
              28.036696,
              760.991
            ],
            [
              85.195137,
              28.035117,
              762.929
            ],
            [
              85.195338,
              28.034488,
              769.136
            ],
            [
              85.195221,
              28.03414,
              766.938
            ],
            [
              85.195458,
              28.033687,
              772.813
            ],
            [
              85.195566,
              28.032658,
              785.583
            ],
            [
              85.195403,
              28.032482,
              758.898
            ],
            [
              85.195013,
              28.030991,
              743.12
            ],
            [
              85.193708,
              28.028234,
              727.061
            ],
            [
              85.192837,
              28.027277,
              710.981
            ],
            [
              85.190821,
              28.025754,
              703.508
            ],
            [
              85.187301,
              28.024257,
              710.863
            ],
            [
              85.186274,
              28.022955,
              693.46
            ],
            [
              85.186248,
              28.022087,
              690.973
            ],
            [
              85.186919,
              28.021242,
              692.42
            ],
            [
              85.187658,
              28.020588,
              696.022
            ],
            [
              85.18834,
              28.019689,
              725.167
            ],
            [
              85.188427,
              28.018099,
              714.924
            ],
            [
              85.188267,
              28.016889,
              696.472
            ],
            [
              85.186411,
              28.015104,
              663.969
            ],
            [
              85.185699,
              28.014268,
              664.88
            ],
            [
              85.185263,
              28.01317,
              665.753
            ],
            [
              85.185194,
              28.010111,
              670.734
            ],
            [
              85.185497,
              28.007952,
              682.249
            ],
            [
              85.186033,
              28.006472,
              665.173
            ],
            [
              85.185759,
              28.005351,
              656.647
            ],
            [
              85.186626,
              28.00249,
              650.351
            ],
            [
              85.187367,
              28.000481,
              666.039
            ],
            [
              85.18718,
              27.997875,
              664.112
            ],
            [
              85.186686,
              27.996709,
              635.9
            ],
            [
              85.185437,
              27.99582,
              613.193
            ],
            [
              85.184793,
              27.994414,
              625.57
            ],
            [
              85.184714,
              27.993778,
              628.657
            ],
            [
              85.184785,
              27.993024,
              650.685
            ],
            [
              85.184626,
              27.99182,
              649.386
            ],
            [
              85.183771,
              27.989744,
              642.35
            ],
            [
              85.182379,
              27.984326,
              609.526
            ],
            [
              85.181863,
              27.983681,
              608.611
            ],
            [
              85.181597,
              27.982126,
              616.088
            ],
            [
              85.181707,
              27.98121,
              602.171
            ],
            [
              85.182215,
              27.980322,
              610.1
            ],
            [
              85.182567,
              27.979082,
              600.764
            ],
            [
              85.18303,
              27.97824,
              617.251
            ],
            [
              85.183986,
              27.975359,
              605.413
            ],
            [
              85.184596,
              27.975154,
              613.973
            ],
            [
              85.186339,
              27.975364,
              587.763
            ],
            [
              85.188021,
              27.976601,
              596.321
            ],
            [
              85.188724,
              27.976876,
              592.275
            ],
            [
              85.189703,
              27.97676,
              579.486
            ],
            [
              85.190414,
              27.97618,
              581.49
            ],
            [
              85.190603,
              27.975426,
              587.837
            ],
            [
              85.190574,
              27.974628,
              596.423
            ],
            [
              85.190197,
              27.97399,
              599.187
            ],
            [
              85.18966,
              27.973496,
              599.934
            ],
            [
              85.188964,
              27.973264,
              595.756
            ],
            [
              85.187093,
              27.97298,
              587.167
            ],
            [
              85.186379,
              27.972405,
              602.616
            ],
            [
              85.186285,
              27.972218,
              603.932
            ],
            [
              85.186294,
              27.971375,
              604.915
            ],
            [
              85.186441,
              27.970974,
              601.946
            ],
            [
              85.186211,
              27.970572,
              591.648
            ],
            [
              85.185525,
              27.96984,
              604.756
            ],
            [
              85.184277,
              27.968839,
              605.466
            ],
            [
              85.181783,
              27.968171,
              606.582
            ],
            [
              85.180317,
              27.96746,
              574.617
            ],
            [
              85.178752,
              27.966376,
              585.642
            ],
            [
              85.177192,
              27.964657,
              587.741
            ],
            [
              85.176663,
              27.964248,
              588.49
            ],
            [
              85.175419,
              27.963894,
              580.841
            ],
            [
              85.173666,
              27.963079,
              574.965
            ],
            [
              85.172615,
              27.962065,
              567.747
            ],
            [
              85.170569,
              27.959403,
              563.03
            ],
            [
              85.17043,
              27.958755,
              577.098
            ],
            [
              85.1693,
              27.95854,
              549.616
            ],
            [
              85.169214,
              27.958196,
              553.75
            ],
            [
              85.169309,
              27.957707,
              567.285
            ],
            [
              85.169072,
              27.957417,
              567.296
            ],
            [
              85.168499,
              27.95719,
              562.062
            ],
            [
              85.168311,
              27.956793,
              570.199
            ],
            [
              85.16671,
              27.956025,
              573.176
            ],
            [
              85.165673,
              27.955778,
              558.516
            ],
            [
              85.16508,
              27.955506,
              557.041
            ],
            [
              85.164843,
              27.954869,
              555.125
            ],
            [
              85.164125,
              27.953827,
              544.968
            ],
            [
              85.16383,
              27.953184,
              542.885
            ],
            [
              85.164116,
              27.952153,
              550.372
            ],
            [
              85.164098,
              27.95081,
              553.161
            ],
            [
              85.164371,
              27.94851,
              548.781
            ],
            [
              85.164106,
              27.948091,
              556.402
            ],
            [
              85.163897,
              27.947421,
              554.575
            ],
            [
              85.16316,
              27.946542,
              542.495
            ],
            [
              85.162745,
              27.945857,
              541.092
            ],
            [
              85.162618,
              27.944935,
              551.138
            ],
            [
              85.162232,
              27.944151,
              548.25
            ],
            [
              85.161782,
              27.942711,
              550.893
            ],
            [
              85.160996,
              27.941259,
              543.75
            ],
            [
              85.160496,
              27.939534,
              533.184
            ],
            [
              85.159856,
              27.939025,
              531.701
            ],
            [
              85.159709,
              27.938785,
              539.226
            ],
            [
              85.158093,
              27.937666,
              548.146
            ],
            [
              85.157827,
              27.937122,
              551.609
            ],
            [
              85.157788,
              27.93653,
              547.444
            ],
            [
              85.157423,
              27.935183,
              526.877
            ],
            [
              85.157126,
              27.934529,
              533.808
            ],
            [
              85.155637,
              27.932661,
              534.224
            ],
            [
              85.155411,
              27.932236,
              531.134
            ],
            [
              85.154435,
              27.931457,
              524.145
            ],
            [
              85.154473,
              27.931182,
              517.002
            ],
            [
              85.154894,
              27.930825,
              515.907
            ],
            [
              85.154525,
              27.930563,
              521.677
            ],
            [
              85.153681,
              27.930327,
              526.625
            ],
            [
              85.152272,
              27.930255,
              514.209
            ],
            [
              85.152,
              27.930297,
              516.957
            ],
            [
              85.151381,
              27.930718,
              514.914
            ],
            [
              85.151177,
              27.930744,
              511.609
            ],
            [
              85.150924,
              27.930619,
              513.059
            ],
            [
              85.150752,
              27.930338,
              516.69
            ],
            [
              85.150896,
              27.928823,
              515.827
            ],
            [
              85.15162,
              27.92756,
              513.243
            ],
            [
              85.151885,
              27.926802,
              515.251
            ],
            [
              85.152209,
              27.926425,
              523.275
            ],
            [
              85.152193,
              27.926109,
              522.983
            ],
            [
              85.151864,
              27.92531,
              514.252
            ],
            [
              85.151839,
              27.923441,
              518.525
            ],
            [
              85.151658,
              27.922358,
              520.322
            ],
            [
              85.150858,
              27.921712,
              527.176
            ],
            [
              85.150138,
              27.921506,
              507.166
            ],
            [
              85.148973,
              27.920608,
              515.89
            ],
            [
              85.148199,
              27.920671,
              506.886
            ],
            [
              85.147731,
              27.920421,
              495.966
            ],
            [
              85.147562,
              27.920119,
              502.236
            ],
            [
              85.147102,
              27.919735,
              512.302
            ],
            [
              85.143624,
              27.91837,
              497.793
            ],
            [
              85.143061,
              27.917916,
              498.476
            ],
            [
              85.13998,
              27.916185,
              495.102
            ],
            [
              85.138979,
              27.91537,
              507.675
            ],
            [
              85.137844,
              27.914816,
              494.479
            ],
            [
              85.137532,
              27.913304,
              503.154
            ],
            [
              85.138455,
              27.911425,
              497.665
            ],
            [
              85.141153,
              27.909098,
              533.713
            ],
            [
              85.142264,
              27.905625,
              531.107
            ],
            [
              85.141678,
              27.902413,
              501.931
            ],
            [
              85.13959,
              27.900598,
              486.42
            ],
            [
              85.138642,
              27.899189,
              473.046
            ],
            [
              85.138493,
              27.898372,
              476.117
            ],
            [
              85.138379,
              27.896324,
              476.968
            ],
            [
              85.139218,
              27.894714,
              470.085
            ],
            [
              85.139405,
              27.894109,
              467.789
            ],
            [
              85.139405,
              27.893406,
              472.249
            ],
            [
              85.139158,
              27.892673,
              476.527
            ],
            [
              85.138626,
              27.891773,
              471.532
            ],
            [
              85.138477,
              27.889502,
              472.965
            ],
            [
              85.138353,
              27.889014,
              470.985
            ],
            [
              85.134063,
              27.885675,
              477.32
            ],
            [
              85.132381,
              27.883828,
              461.462
            ],
            [
              85.130208,
              27.881958,
              454.431
            ],
            [
              85.1284,
              27.878259,
              463.522
            ],
            [
              85.128235,
              27.875943,
              452.455
            ],
            [
              85.127123,
              27.874627,
              454.533
            ],
            [
              85.125465,
              27.873797,
              462.532
            ],
            [
              85.122864,
              27.872269,
              448.797
            ],
            [
              85.119754,
              27.870953,
              445.739
            ],
            [
              85.11876,
              27.870153,
              441.881
            ],
            [
              85.116775,
              27.86933,
              442.111
            ],
            [
              85.115811,
              27.868613,
              438.906
            ],
            [
              85.11262,
              27.863092,
              439.657
            ],
            [
              85.112456,
              27.862202,
              443.988
            ],
            [
              85.111401,
              27.860043,
              447.138
            ],
            [
              85.111504,
              27.859365,
              442.571
            ],
            [
              85.112989,
              27.858516,
              435.44
            ],
            [
              85.113334,
              27.857608,
              429.254
            ],
            [
              85.112798,
              27.857274,
              440.377
            ],
            [
              85.112551,
              27.85724,
              453.315
            ],
            [
              85.110664,
              27.858041,
              437.837
            ],
            [
              85.109966,
              27.857952,
              446.641
            ],
            [
              85.107859,
              27.858293,
              435.221
            ],
            [
              85.106942,
              27.858315,
              423.29
            ],
            [
              85.105692,
              27.85804,
              426.406
            ],
            [
              85.102483,
              27.857628,
              427.83
            ],
            [
              85.099906,
              27.857907,
              447.506
            ],
            [
              85.093747,
              27.859427,
              421.86
            ],
            [
              85.09131,
              27.858079,
              426.19
            ],
            [
              85.08987,
              27.856069,
              433.849
            ],
            [
              85.088221,
              27.854692,
              434.293
            ],
            [
              85.087111,
              27.854071,
              425.209
            ],
            [
              85.085944,
              27.85401,
              426.192
            ],
            [
              85.083762,
              27.855283,
              436.024
            ],
            [
              85.083064,
              27.855405,
              426.204
            ],
            [
              85.080539,
              27.85471,
              418.277
            ],
            [
              85.079292,
              27.853945,
              427.82
            ],
            [
              85.077628,
              27.852308,
              421.475
            ],
            [
              85.076471,
              27.851769,
              419.551
            ],
            [
              85.075618,
              27.851761,
              422.253
            ],
            [
              85.073958,
              27.852111,
              420.741
            ],
            [
              85.071678,
              27.852914,
              416.951
            ],
            [
              85.069198,
              27.853617,
              407.117
            ],
            [
              85.063319,
              27.855936,
              409.829
            ],
            [
              85.060972,
              27.857268,
              406.276
            ],
            [
              85.059959,
              27.857441,
              410.681
            ],
            [
              85.058943,
              27.857132,
              407.206
            ],
            [
              85.058072,
              27.856555,
              400.541
            ],
            [
              85.057099,
              27.855362,
              398.519
            ],
            [
              85.055191,
              27.853516,
              415.368
            ],
            [
              85.052018,
              27.852561,
              399.354
            ],
            [
              85.050378,
              27.85232,
              400.885
            ],
            [
              85.046903,
              27.851163,
              400.543
            ],
            [
              85.043956,
              27.851092,
              399.432
            ],
            [
              85.042972,
              27.851732,
              407.574
            ],
            [
              85.042426,
              27.853021,
              408.057
            ],
            [
              85.041947,
              27.853344,
              404.265
            ],
            [
              85.04093,
              27.853145,
              404.613
            ],
            [
              85.03994,
              27.852748,
              405.695
            ],
            [
              85.039171,
              27.852835,
              397.865
            ],
            [
              85.03779,
              27.853311,
              393.326
            ],
            [
              85.03407,
              27.853127,
              395.157
            ],
            [
              85.033136,
              27.85282,
              388.441
            ],
            [
              85.032801,
              27.852493,
              397.109
            ],
            [
              85.032637,
              27.851995,
              395.312
            ],
            [
              85.032403,
              27.850318,
              394.434
            ],
            [
              85.031011,
              27.8489,
              391.691
            ],
            [
              85.029649,
              27.848064,
              392.372
            ],
            [
              85.028305,
              27.847538,
              401.041
            ],
            [
              85.022845,
              27.844426,
              383.418
            ],
            [
              85.022276,
              27.84403,
              380.245
            ],
            [
              85.021627,
              27.843154,
              386.944
            ],
            [
              85.021566,
              27.842391,
              390.996
            ],
            [
              85.021819,
              27.841946,
              389.257
            ],
            [
              85.022527,
              27.841615,
              387.058
            ],
            [
              85.023415,
              27.840851,
              398.507
            ],
            [
              85.023749,
              27.838654,
              393.528
            ],
            [
              85.023879,
              27.836345,
              419.237
            ],
            [
              85.023821,
              27.834468,
              383.614
            ],
            [
              85.023545,
              27.833336,
              385.469
            ],
            [
              85.02226,
              27.831158,
              379.653
            ],
            [
              85.022051,
              27.82968,
              378.015
            ],
            [
              85.021848,
              27.829086,
              383.859
            ],
            [
              85.020982,
              27.827671,
              375.129
            ],
            [
              85.019648,
              27.825877,
              373.516
            ],
            [
              85.019267,
              27.824072,
              381.873
            ],
            [
              85.01876,
              27.822397,
              380.133
            ],
            [
              85.018683,
              27.82149,
              377.933
            ],
            [
              85.018511,
              27.820976,
              381.777
            ],
            [
              85.017987,
              27.820136,
              380.952
            ],
            [
              85.017757,
              27.819351,
              381.996
            ],
            [
              85.01709,
              27.818698,
              383.567
            ],
            [
              85.016454,
              27.818332,
              375.915
            ],
            [
              85.015896,
              27.817664,
              376.52
            ],
            [
              85.014971,
              27.815347,
              389.124
            ],
            [
              85.013798,
              27.813761,
              390.138
            ],
            [
              85.013325,
              27.811924,
              377.847
            ],
            [
              85.013431,
              27.811122,
              379.049
            ],
            [
              85.013692,
              27.810644,
              379.911
            ],
            [
              85.014171,
              27.810337,
              381.704
            ],
            [
              85.015973,
              27.810428,
              382.753
            ],
            [
              85.016277,
              27.810167,
              374.739
            ],
            [
              85.016233,
              27.809848,
              380.688
            ],
            [
              85.01603,
              27.809573,
              389.95
            ],
            [
              85.015368,
              27.809341,
              390.162
            ],
            [
              85.015202,
              27.809181,
              393.452
            ],
            [
              85.01512,
              27.80812,
              400.246
            ],
            [
              85.014559,
              27.807204,
              394.173
            ],
            [
              85.013376,
              27.806541,
              394.722
            ],
            [
              85.01145,
              27.805883,
              367.862
            ],
            [
              85.009357,
              27.804916,
              371.653
            ],
            [
              85.006891,
              27.804339,
              381.391
            ],
            [
              85.005693,
              27.803911,
              373.596
            ],
            [
              85.003133,
              27.801303,
              388.493
            ],
            [
              85.000972,
              27.800491,
              378.131
            ],
            [
              84.998941,
              27.800955,
              384.284
            ],
            [
              84.997613,
              27.80159,
              382.111
            ],
            [
              84.996503,
              27.802303,
              374.943
            ],
            [
              84.995007,
              27.802887,
              374.758
            ],
            [
              84.994139,
              27.802767,
              380.43
            ],
            [
              84.992194,
              27.802203,
              375.007
            ],
            [
              84.990924,
              27.802447,
              372.36
            ],
            [
              84.988924,
              27.804283,
              373.182
            ],
            [
              84.988074,
              27.804673,
              369.431
            ],
            [
              84.987073,
              27.804508,
              375.458
            ],
            [
              84.984374,
              27.803603,
              374.309
            ],
            [
              84.983431,
              27.802754,
              386.204
            ],
            [
              84.981792,
              27.801811,
              366.39
            ],
            [
              84.980518,
              27.801827,
              364.768
            ],
            [
              84.977599,
              27.800665,
              365.398
            ],
            [
              84.976026,
              27.800536,
              364.363
            ],
            [
              84.973182,
              27.801258,
              361.846
            ],
            [
              84.972122,
              27.801649,
              367.184
            ],
            [
              84.971427,
              27.802437,
              367.02
            ],
            [
              84.971188,
              27.80324,
              370.879
            ],
            [
              84.971205,
              27.803552,
              375.402
            ],
            [
              84.971501,
              27.804027,
              360.876
            ],
            [
              84.971442,
              27.804358,
              355.984
            ],
            [
              84.971087,
              27.804854,
              357.668
            ],
            [
              84.970711,
              27.80503,
              363.918
            ],
            [
              84.969407,
              27.806174,
              367.202
            ],
            [
              84.968738,
              27.8085,
              363.723
            ],
            [
              84.968229,
              27.809631,
              358.539
            ],
            [
              84.967658,
              27.810062,
              358.557
            ],
            [
              84.965726,
              27.810061,
              366.613
            ],
            [
              84.964789,
              27.810683,
              358.614
            ],
            [
              84.964371,
              27.81111,
              363.072
            ],
            [
              84.964243,
              27.811996,
              373.757
            ],
            [
              84.96295,
              27.813905,
              348.039
            ],
            [
              84.962556,
              27.815101,
              349.5
            ],
            [
              84.961803,
              27.81603,
              345.271
            ],
            [
              84.959802,
              27.817135,
              349.975
            ],
            [
              84.958744,
              27.817418,
              345.316
            ],
            [
              84.956918,
              27.817018,
              343.62
            ],
            [
              84.954222,
              27.8154,
              344.515
            ],
            [
              84.952561,
              27.814796,
              344.222
            ],
            [
              84.951474,
              27.814964,
              342.731
            ],
            [
              84.949722,
              27.815878,
              340.146
            ],
            [
              84.948617,
              27.815562,
              340.345
            ],
            [
              84.947782,
              27.814832,
              342.442
            ],
            [
              84.946135,
              27.812383,
              341.226
            ],
            [
              84.945643,
              27.811965,
              341.132
            ],
            [
              84.944119,
              27.811373,
              342.528
            ],
            [
              84.943833,
              27.811093,
              342.692
            ],
            [
              84.943198,
              27.808923,
              359.821
            ],
            [
              84.941779,
              27.807073,
              347.976
            ],
            [
              84.940787,
              27.805465,
              330.661
            ],
            [
              84.939775,
              27.804323,
              348.806
            ],
            [
              84.938798,
              27.804211,
              362.538
            ],
            [
              84.937283,
              27.804508,
              344.256
            ],
            [
              84.936652,
              27.804484,
              334.214
            ],
            [
              84.936034,
              27.804275,
              334.135
            ],
            [
              84.933454,
              27.802622,
              333.725
            ],
            [
              84.931576,
              27.80112,
              347.742
            ],
            [
              84.930826,
              27.80089,
              340.417
            ],
            [
              84.929979,
              27.800052,
              342.373
            ],
            [
              84.927834,
              27.79865,
              331.749
            ],
            [
              84.925254,
              27.797524,
              325.986
            ],
            [
              84.92413,
              27.797192,
              332.603
            ],
            [
              84.922867,
              27.797044,
              334.143
            ],
            [
              84.920342,
              27.797848,
              333.622
            ],
            [
              84.918132,
              27.799621,
              332.12
            ],
            [
              84.917167,
              27.800193,
              330.103
            ],
            [
              84.916479,
              27.800368,
              336.027
            ],
            [
              84.914395,
              27.801729,
              346.974
            ],
            [
              84.913294,
              27.803714,
              328.136
            ],
            [
              84.912982,
              27.804079,
              325.605
            ],
            [
              84.912516,
              27.80435,
              324.45
            ],
            [
              84.911955,
              27.804502,
              325.888
            ],
            [
              84.908577,
              27.803349,
              326.186
            ],
            [
              84.906894,
              27.803356,
              326.401
            ],
            [
              84.906628,
              27.803636,
              330.507
            ],
            [
              84.906516,
              27.803952,
              335.887
            ],
            [
              84.906737,
              27.805055,
              337.845
            ],
            [
              84.906478,
              27.805669,
              325.492
            ],
            [
              84.906141,
              27.806128,
              322.274
            ],
            [
              84.904816,
              27.807019,
              320.751
            ],
            [
              84.904156,
              27.807035,
              319.631
            ],
            [
              84.901864,
              27.80592,
              326.544
            ],
            [
              84.899961,
              27.805725,
              345.53
            ],
            [
              84.893326,
              27.807685,
              322.283
            ],
            [
              84.892004,
              27.807657,
              318.82
            ],
            [
              84.891147,
              27.807868,
              322.713
            ],
            [
              84.890482,
              27.808389,
              318.421
            ],
            [
              84.889332,
              27.808888,
              322.833
            ],
            [
              84.888298,
              27.809031,
              318.224
            ],
            [
              84.886919,
              27.808928,
              319.565
            ],
            [
              84.885237,
              27.807845,
              325.831
            ],
            [
              84.884724,
              27.80774,
              334.261
            ],
            [
              84.882533,
              27.80826,
              339.949
            ],
            [
              84.881746,
              27.809235,
              340.659
            ],
            [
              84.881083,
              27.809361,
              342.03
            ],
            [
              84.879561,
              27.808427,
              334.049
            ],
            [
              84.878641,
              27.808142,
              329.219
            ],
            [
              84.877575,
              27.807953,
              323.115
            ],
            [
              84.875054,
              27.807821,
              320.564
            ],
            [
              84.87278,
              27.806772,
              318.89
            ],
            [
              84.872209,
              27.806348,
              316.852
            ],
            [
              84.872236,
              27.805873,
              318.256
            ],
            [
              84.87273,
              27.805317,
              319.292
            ],
            [
              84.873767,
              27.804536,
              329.089
            ],
            [
              84.873749,
              27.804305,
              333.428
            ],
            [
              84.872858,
              27.803265,
              345.199
            ],
            [
              84.871146,
              27.802177,
              322.989
            ],
            [
              84.870054,
              27.801696,
              319.836
            ],
            [
              84.868812,
              27.801361,
              314.041
            ],
            [
              84.867556,
              27.801397,
              311.644
            ],
            [
              84.865356,
              27.801046,
              317.773
            ],
            [
              84.863917,
              27.801575,
              320.575
            ],
            [
              84.862569,
              27.803459,
              325.628
            ],
            [
              84.862078,
              27.80398,
              331.24
            ],
            [
              84.861929,
              27.804427,
              317.898
            ],
            [
              84.861005,
              27.805705,
              310.837
            ],
            [
              84.859831,
              27.80643,
              313.23
            ],
            [
              84.85834,
              27.806898,
              319.184
            ],
            [
              84.856192,
              27.807027,
              325.808
            ],
            [
              84.853081,
              27.807832,
              316.993
            ],
            [
              84.85088,
              27.808148,
              304.399
            ],
            [
              84.85019,
              27.80813,
              311.844
            ],
            [
              84.849325,
              27.807686,
              312.662
            ],
            [
              84.84921,
              27.80648,
              316.578
            ],
            [
              84.848769,
              27.804949,
              316.539
            ],
            [
              84.848096,
              27.804228,
              318.838
            ],
            [
              84.84685,
              27.803309,
              325.026
            ],
            [
              84.844081,
              27.801824,
              315.414
            ],
            [
              84.842711,
              27.801499,
              315.218
            ],
            [
              84.83984,
              27.801311,
              317.727
            ],
            [
              84.839011,
              27.801596,
              328.979
            ],
            [
              84.837106,
              27.804215,
              318.009
            ],
            [
              84.835167,
              27.805937,
              335.191
            ],
            [
              84.834953,
              27.805853,
              338.712
            ],
            [
              84.833567,
              27.804384,
              329.265
            ],
            [
              84.832396,
              27.802911,
              315.437
            ],
            [
              84.830817,
              27.804032,
              316.105
            ],
            [
              84.831755,
              27.805479,
              322.99
            ],
            [
              84.833131,
              27.806878,
              331.984
            ],
            [
              84.833111,
              27.8072,
              344.607
            ],
            [
              84.827272,
              27.80942,
              405.847
            ],
            [
              84.82531,
              27.811197,
              357.153
            ],
            [
              84.824754,
              27.811863,
              362.593
            ],
            [
              84.825043,
              27.813491,
              356.916
            ],
            [
              84.831208,
              27.814065,
              353.554
            ],
            [
              84.832357,
              27.813034,
              352.531
            ],
            [
              84.833455,
              27.812424,
              336.364
            ],
            [
              84.833634,
              27.81253,
              332.348
            ],
            [
              84.833685,
              27.812731,
              326.904
            ],
            [
              84.833265,
              27.813914,
              306.43
            ],
            [
              84.831769,
              27.815878,
              321.858
            ],
            [
              84.829829,
              27.817362,
              299.576
            ],
            [
              84.826458,
              27.818036,
              308.987
            ],
            [
              84.824165,
              27.817024,
              300.245
            ],
            [
              84.822556,
              27.812988,
              311.442
            ],
            [
              84.823164,
              27.810826,
              298.073
            ],
            [
              84.823528,
              27.808644,
              311.068
            ],
            [
              84.821844,
              27.806947,
              350.882
            ],
            [
              84.818267,
              27.806497,
              357.458
            ],
            [
              84.816692,
              27.808084,
              314.435
            ],
            [
              84.816122,
              27.809626,
              303.779
            ],
            [
              84.814921,
              27.811481,
              323.383
            ],
            [
              84.813217,
              27.813055,
              320.264
            ],
            [
              84.808076,
              27.816391,
              324.581
            ],
            [
              84.806389,
              27.815851,
              314.78
            ],
            [
              84.804014,
              27.81427,
              334.65
            ],
            [
              84.802657,
              27.814424,
              297.266
            ],
            [
              84.799014,
              27.813895,
              300.787
            ],
            [
              84.795721,
              27.812705,
              321.229
            ],
            [
              84.791242,
              27.811798,
              311.184
            ],
            [
              84.78946,
              27.812969,
              288.881
            ],
            [
              84.78745,
              27.813976,
              282.888
            ],
            [
              84.785508,
              27.813198,
              296.288
            ],
            [
              84.782427,
              27.812905,
              312.383
            ],
            [
              84.779636,
              27.811548,
              284.631
            ],
            [
              84.777664,
              27.809523,
              283.053
            ],
            [
              84.77602,
              27.808202,
              282.421
            ],
            [
              84.773287,
              27.807919,
              292.373
            ],
            [
              84.770585,
              27.808735,
              323.815
            ],
            [
              84.768724,
              27.810471,
              292.685
            ],
            [
              84.768036,
              27.812609,
              285.161
            ],
            [
              84.768441,
              27.814851,
              286.388
            ],
            [
              84.766768,
              27.816686,
              282.784
            ],
            [
              84.763731,
              27.817543,
              296.768
            ],
            [
              84.761195,
              27.816838,
              276.625
            ],
            [
              84.75961,
              27.814759,
              291.704
            ],
            [
              84.757442,
              27.811601,
              277.666
            ],
            [
              84.756992,
              27.80904,
              293.855
            ],
            [
              84.754954,
              27.806529,
              286.427
            ],
            [
              84.753423,
              27.805019,
              284.604
            ],
            [
              84.751023,
              27.80378,
              272.988
            ],
            [
              84.749601,
              27.802902,
              275.267
            ],
            [
              84.748722,
              27.802128,
              314.102
            ],
            [
              84.748684,
              27.801863,
              320.277
            ],
            [
              84.749325,
              27.800606,
              337.467
            ],
            [
              84.744249,
              27.799425,
              382.441
            ],
            [
              84.742079,
              27.800921,
              298.739
            ],
            [
              84.73904,
              27.799436,
              296.261
            ],
            [
              84.739171,
              27.800918,
              283.127
            ],
            [
              84.740533,
              27.802563,
              272.814
            ],
            [
              84.742021,
              27.802921,
              270.201
            ],
            [
              84.742528,
              27.802942,
              269.706
            ],
            [
              84.742715,
              27.803176,
              268.198
            ],
            [
              84.74257,
              27.803438,
              263.741
            ],
            [
              84.742065,
              27.803542,
              262.058
            ],
            [
              84.739298,
              27.803488,
              267.049
            ],
            [
              84.738657,
              27.803072,
              269.954
            ],
            [
              84.738001,
              27.801907,
              270.11
            ],
            [
              84.738271,
              27.800044,
              281.379
            ],
            [
              84.737786,
              27.798312,
              292.65
            ],
            [
              84.735765,
              27.796622,
              381.128
            ],
            [
              84.732958,
              27.795258,
              324.769
            ],
            [
              84.729874,
              27.79515,
              332.235
            ],
            [
              84.727436,
              27.797459,
              257.857
            ],
            [
              84.726077,
              27.79923,
              256.912
            ],
            [
              84.724937,
              27.799823,
              255.547
            ],
            [
              84.721107,
              27.800869,
              274.866
            ],
            [
              84.72017,
              27.801851,
              284.434
            ],
            [
              84.718981,
              27.802338,
              308.876
            ],
            [
              84.717999,
              27.802141,
              306.995
            ],
            [
              84.716531,
              27.801173,
              278.618
            ],
            [
              84.713775,
              27.799698,
              297.99
            ],
            [
              84.710394,
              27.799594,
              287.226
            ],
            [
              84.707508,
              27.801551,
              289
            ],
            [
              84.705995,
              27.804095,
              275.127
            ],
            [
              84.704594,
              27.80475,
              316.194
            ],
            [
              84.702787,
              27.806189,
              292.374
            ],
            [
              84.699665,
              27.806518,
              271.968
            ],
            [
              84.696767,
              27.806589,
              278.054
            ],
            [
              84.695499,
              27.806065,
              276.675
            ],
            [
              84.695402,
              27.805885,
              272.972
            ],
            [
              84.695429,
              27.805523,
              274.3
            ],
            [
              84.69415,
              27.80571,
              279.919
            ],
            [
              84.694239,
              27.806278,
              286.309
            ],
            [
              84.695204,
              27.807244,
              279.35
            ],
            [
              84.695251,
              27.807499,
              283.194
            ],
            [
              84.693069,
              27.808774,
              282.895
            ],
            [
              84.691437,
              27.808619,
              306.427
            ],
            [
              84.688872,
              27.809291,
              268.69
            ],
            [
              84.686156,
              27.809485,
              308.388
            ],
            [
              84.683791,
              27.809894,
              309.517
            ],
            [
              84.679374,
              27.813092,
              287.328
            ],
            [
              84.677961,
              27.813829,
              283.667
            ],
            [
              84.676037,
              27.815149,
              281.834
            ],
            [
              84.672633,
              27.81617,
              242.412
            ],
            [
              84.670665,
              27.816428,
              299.819
            ],
            [
              84.668603,
              27.815451,
              279.371
            ],
            [
              84.668667,
              27.817221,
              272.1
            ],
            [
              84.6667,
              27.818105,
              309.207
            ],
            [
              84.666273,
              27.819261,
              279.919
            ],
            [
              84.666407,
              27.820845,
              259.173
            ],
            [
              84.666953,
              27.8219,
              226.082
            ],
            [
              84.666419,
              27.823036,
              241.132
            ],
            [
              84.665653,
              27.824165,
              256.808
            ],
            [
              84.665445,
              27.824187,
              261.378
            ],
            [
              84.66473,
              27.823891,
              277.117
            ],
            [
              84.664386,
              27.824273,
              263.395
            ],
            [
              84.664673,
              27.824769,
              263.144
            ],
            [
              84.664386,
              27.825203,
              268.656
            ],
            [
              84.661502,
              27.827298,
              276.88
            ],
            [
              84.659948,
              27.829432,
              283.256
            ],
            [
              84.660182,
              27.831048,
              267.846
            ],
            [
              84.660882,
              27.832725,
              239.812
            ],
            [
              84.661924,
              27.834301,
              244.433
            ],
            [
              84.662948,
              27.836527,
              249.534
            ],
            [
              84.663193,
              27.840672,
              230.15
            ],
            [
              84.661553,
              27.842292,
              247.342
            ],
            [
              84.661045,
              27.844561,
              243.38
            ],
            [
              84.660936,
              27.846439,
              228.258
            ],
            [
              84.660427,
              27.848551,
              230.734
            ],
            [
              84.659208,
              27.85016,
              229.437
            ],
            [
              84.657075,
              27.85148,
              227.482
            ],
            [
              84.653512,
              27.852044,
              231.847
            ],
            [
              84.649769,
              27.852099,
              252.059
            ],
            [
              84.647336,
              27.852833,
              240.309
            ],
            [
              84.646408,
              27.853529,
              273.99
            ],
            [
              84.646102,
              27.85529,
              301.164
            ],
            [
              84.647937,
              27.85728,
              239.393
            ],
            [
              84.648826,
              27.858839,
              237.25
            ],
            [
              84.648724,
              27.859091,
              227.054
            ],
            [
              84.647461,
              27.859885,
              224.005
            ],
            [
              84.646256,
              27.860017,
              238.146
            ],
            [
              84.641832,
              27.859324,
              237.126
            ],
            [
              84.640167,
              27.859295,
              225.29
            ],
            [
              84.635099,
              27.859733,
              232.808
            ],
            [
              84.632793,
              27.862033,
              246.83
            ],
            [
              84.632492,
              27.863508,
              223.756
            ],
            [
              84.632678,
              27.867335,
              212.837
            ],
            [
              84.632642,
              27.868594,
              211.548
            ],
            [
              84.628623,
              27.87016,
              233.883
            ],
            [
              84.626438,
              27.872027,
              244.8
            ],
            [
              84.625383,
              27.874157,
              226.391
            ],
            [
              84.624063,
              27.876041,
              214.074
            ],
            [
              84.622841,
              27.876798,
              227.279
            ],
            [
              84.620542,
              27.877536,
              234.317
            ],
            [
              84.619358,
              27.87906,
              217.072
            ],
            [
              84.618292,
              27.878736,
              211.389
            ],
            [
              84.617577,
              27.877962,
              220.795
            ],
            [
              84.615831,
              27.876581,
              211.295
            ],
            [
              84.615428,
              27.875011,
              203.502
            ],
            [
              84.615131,
              27.873086,
              223.082
            ],
            [
              84.613813,
              27.872171,
              222.082
            ],
            [
              84.611343,
              27.871289,
              220.47
            ],
            [
              84.607455,
              27.870924,
              202.65
            ],
            [
              84.605295,
              27.871423,
              209.489
            ],
            [
              84.604334,
              27.871998,
              209.604
            ],
            [
              84.603505,
              27.874225,
              202.681
            ],
            [
              84.602474,
              27.875073,
              204.166
            ],
            [
              84.600748,
              27.875803,
              204.693
            ],
            [
              84.598291,
              27.875743,
              218.034
            ],
            [
              84.596869,
              27.875479,
              233.643
            ],
            [
              84.595046,
              27.875925,
              217.587
            ],
            [
              84.593717,
              27.876797,
              214.664
            ],
            [
              84.592363,
              27.878241,
              206.994
            ],
            [
              84.590624,
              27.879234,
              198.609
            ],
            [
              84.589525,
              27.879044,
              196.764
            ],
            [
              84.58731,
              27.877923,
              217.744
            ],
            [
              84.584808,
              27.875928,
              217.091
            ],
            [
              84.580984,
              27.873613,
              243.443
            ],
            [
              84.57784,
              27.871332,
              201.334
            ],
            [
              84.577125,
              27.87011,
              211.603
            ],
            [
              84.5774,
              27.868281,
              209.674
            ],
            [
              84.578009,
              27.866087,
              222.217
            ],
            [
              84.577649,
              27.864147,
              237.477
            ],
            [
              84.575121,
              27.862101,
              232.187
            ],
            [
              84.571687,
              27.860244,
              197.507
            ],
            [
              84.567384,
              27.858309,
              213.295
            ],
            [
              84.560131,
              27.857612,
              205.893
            ],
            [
              84.559053,
              27.856666,
              199.865
            ],
            [
              84.557653,
              27.854002,
              202.508
            ],
            [
              84.557886,
              27.850632,
              220.008
            ],
            [
              84.558837,
              27.847702,
              227.005
            ],
            [
              84.557643,
              27.848441,
              235.151
            ],
            [
              84.556887,
              27.849961,
              236.36
            ],
            [
              84.556412,
              27.851248,
              195.797
            ],
            [
              84.556439,
              27.853648,
              198.65
            ],
            [
              84.556736,
              27.85485,
              202.758
            ],
            [
              84.557009,
              27.856952,
              206.333
            ],
            [
              84.557784,
              27.857796,
              190.068
            ],
            [
              84.557904,
              27.858616,
              194.175
            ],
            [
              84.557722,
              27.85888,
              193.154
            ],
            [
              84.556395,
              27.859197,
              192.396
            ]
          ],
          [
            [
              84.744669,
              27.803436
            ],
            [
              84.744585,
              27.803201
            ],
            [
              84.744731,
              27.802997
            ],
            [
              84.745518,
              27.80298
            ],
            [
              84.7488,
              27.803546
            ],
            [
              84.749112,
              27.804007
            ],
            [
              84.748878,
              27.804249
            ],
            [
              84.746999,
              27.804308
            ],
            [
              84.745129,
              27.803831
            ],
            [
              84.744669,
              27.803436
            ]
          ]
        ]
      }
    }
  ]
}